mtgame-eu.mindtickle.com,1350031492593686915/1611739341233Module_mission_SD__Lead_wHybrid_Cloud_Baseline_Accreditation_Learnerscs...1.xlsx,mt-picasso-us-east,1350031489005384041/1350031492593686915/DOCUMENT21020320384360992574/1611739341233Module_mission_SD__Lead_wHybrid_Cloud_Baseline_Accreditation_Learnerscs...1.xlsx
mtdocs-eu-box-processed,1354359116706815577/doc.pdf,mt-picasso-us-east,1350031489005384041/1350031492593686915/DOCUMENT21020320384361003974/doc.pdf
mtgame-eu.mindtickle.com,1350031492593686915/1611739341233Module_mission_SD__Lead_wHybrid_Cloud_Baseline_Accreditation_Learnerscs...1.xlsx/imagified/out_{image_num}.png,mt-picasso-us-east,1350031489005384041/1350031492593686915/CATALOGUE210203203843610084301/out_{image_num}.png
mtgame-eu.mindtickle.com,1350031492593686915/1611740843702SampleXLSFile_38kb.xls,mt-picasso-us-east,1350031489005384041/1350031492593686915/DOCUMENT210203203843612747280/1611740843702SampleXLSFile_38kb.xls
mtdocs-eu-box-processed,1354365405257535958/doc.pdf,mt-picasso-us-east,1350031489005384041/1350031492593686915/DOCUMENT210203203843612853322/doc.pdf
mtgame-eu.mindtickle.com,1350031492593686915/1611740843702SampleXLSFile_38kb.xls/imagified/out_{image_num}.png,mt-picasso-us-east,1350031489005384041/1350031492593686915/CATALOGUE210203203843612898256/out_{image_num}.png
mtgame-eu.mindtickle.com,1350031492593686915/1611894425689file_example_XLS_5000.xls,mt-picasso-us-east,1350031489005384041/1350031492593686915/DOCUMENT21020320384361311387/1611894425689file_example_XLS_5000.xls
mtdocs-eu-box-processed,1355009578468524086/doc.pdf,mt-picasso-us-east,1350031489005384041/1350031492593686915/DOCUMENT210203203843613164148/doc.pdf
mtgame-eu.mindtickle.com,1350031492593686915/1611894425689file_example_XLS_5000.xls/imagified/out_{image_num}.png,mt-picasso-us-east,1350031489005384041/1350031492593686915/CATALOGUE21020320384361320391/out_{image_num}.png
mtgame-eu.mindtickle.com,1350031492593686915/1611894527182file_example_XLSX_5000.xlsx,mt-picasso-us-east,1350031489005384041/1350031492593686915/DOCUMENT210203203843613384459/1611894527182file_example_XLSX_5000.xlsx
mtdocs-eu-box-processed,1355009994895682572/doc.pdf,mt-picasso-us-east,1350031489005384041/1350031492593686915/DOCUMENT210203203843613432336/doc.pdf
mtgame-eu.mindtickle.com,1350031492593686915/1611894527182file_example_XLSX_5000.xlsx/imagified/out_{image_num}.png,mt-picasso-us-east,1350031489005384041/1350031492593686915/CATALOGUE210203203843613469106/out_{image_num}.png
mtgame-eu.mindtickle.com,1350031492593686915/1611894573330file_example_XLS_5000.xls,mt-picasso-us-east,1350031489005384041/1350031492593686915/DOCUMENT210203203843613757214/1611894573330file_example_XLS_5000.xls
mtdocs-eu-box-processed,1355010199179905140/doc.pdf,mt-picasso-us-east,1350031489005384041/1350031492593686915/DOCUMENT210203203843613824247/doc.pdf
mtgame-eu.mindtickle.com,1350031492593686915/1611894573330file_example_XLS_5000.xls/imagified/out_{image_num}.png,mt-picasso-us-east,1350031489005384041/1350031492593686915/CATALOGUE210203203843613874436/out_{image_num}.png
mtgame-eu.mindtickle.com,1350031492593686915/user/4d6c2122f603e54d/1611910619918_4d6c2122f603e54d_SampleXLSFile_38kbxls.xls,mt-picasso-us-east,1350031489005384041/1350031492593686915/DOCUMENT210203203843614083312/1611910619918_4d6c2122f603e54d_SampleXLSFile_38kbxls.xls
mtdocs-eu-box-processed,1355077492071904944/doc.pdf,mt-picasso-us-east,1350031489005384041/1350031492593686915/DOCUMENT210203203843614139203/doc.pdf
mtgame-eu.mindtickle.com,1350031492593686915/user/4d6c2122f603e54d/1611910619918_4d6c2122f603e54d_SampleXLSFile_38kbxls.xls/imagified/out_{image_num}.png,mt-picasso-us-east,1350031489005384041/1350031492593686915/CATALOGUE210203203843614185123/out_{image_num}.png
mtgame-eu.mindtickle.com,1350031492593686915/1612154694585file_example_XLS_5000.xls,mt-picasso-us-east,1350031489005384041/1350031492593686915/DOCUMENT210203203843614406480/1612154694585file_example_XLS_5000.xls
mtdocs-eu-box-processed,1356101226395476866/doc.pdf,mt-picasso-us-east,1350031489005384041/1350031492593686915/DOCUMENT210203203843614469160/doc.pdf
mtgame-eu.mindtickle.com,1350031492593686915/1612154694585file_example_XLS_5000.xls/imagified/out_{image_num}.png,mt-picasso-us-east,1350031489005384041/1350031492593686915/CATALOGUE210203203843614521458/out_{image_num}.png
mtgame-eu.mindtickle.com,1350031492593686915/1612154843283file_example_XLSX_5000.xlsx,mt-picasso-us-east,1350031489005384041/1350031492593686915/DOCUMENT210203203843614799496/1612154843283file_example_XLSX_5000.xlsx
mtdocs-eu-box-processed,1356101839797882885/doc.pdf,mt-picasso-us-east,1350031489005384041/1350031492593686915/DOCUMENT210203203843614931108/doc.pdf
mtgame-eu.mindtickle.com,1350031492593686915/1612154843283file_example_XLSX_5000.xlsx/imagified/out_{image_num}.png,mt-picasso-us-east,1350031489005384041/1350031492593686915/CATALOGUE21020320384361503653/out_{image_num}.png
mtgame-eu.mindtickle.com,1350031492593686915/1611738960694g0fvpqxeze.aac,mt-picasso-us-east,1350031489005384041/1350031492593686915/AUDIO210203203843615313156/1611738960694g0fvpqxeze.aac
mtgame-eu.mindtickle.com,1350031492593686915/1611738960694g0fvpqxeze.aac/mp3/1.mp3,mt-picasso-us-east,1350031489005384041/1350031492593686915/AUDIO2102032038436153681/1.mp3
mtgame-eu.mindtickle.com,1350031492593686915/1611739027739SampleAudio_0.7mb.mp3,mt-picasso-us-east,1350031489005384041/1350031492593686915/AUDIO21020320384361567013/1611739027739SampleAudio_0.7mb.mp3
mtgame-eu.mindtickle.com,1350031492593686915/1611739027739SampleAudio_0.7mb.mp3/mp3/1.mp3,mt-picasso-us-east,1350031489005384041/1350031492593686915/AUDIO210203203843615731305/1.mp3
mtgame-eu.mindtickle.com,1350031492593686915/1611739094264NOMATTERHOWHARDITGETSPowerfulMotivationalSpeech.wav,mt-picasso-us-east,1350031489005384041/1350031492593686915/AUDIO210203203843941081204/1611739094264NOMATTERHOWHARDITGETSPowerfulMotivationalSpeech.wav
mtgame-eu.mindtickle.com,1350031492593686915/1611739094264NOMATTERHOWHARDITGETSPowerfulMotivationalSpeech.wav/mp3/1.mp3,mt-picasso-us-east,1350031489005384041/1350031492593686915/AUDIO2102032038439411604/1.mp3
mtgame-eu.mindtickle.com,1350031492593686915/1611739094264NOMATTERHOWHARDITGETSPowerfulMotivationalSpeech.flac,mt-picasso-us-east,1350031489005384041/1350031492593686915/AUDIO210203203843941222237/1611739094264NOMATTERHOWHARDITGETSPowerfulMotivationalSpeech.flac
mtgame-eu.mindtickle.com,1350031492593686915/1611739094264NOMATTERHOWHARDITGETSPowerfulMotivationalSpeech.vtt,mt-picasso-us-east,1350031489005384041/1350031492593686915/DOCUMENT21020320384394127291/1611739094264NOMATTERHOWHARDITGETSPowerfulMotivationalSpeech.vtt
mtgame-eu.mindtickle.com,1350031492593686915/1611739094264NOMATTERHOWHARDITGETSPowerfulMotivationalSpeech.out,mt-picasso-us-east,1350031489005384041/1350031492593686915/DOCUMENT210203203843941312333/1611739094264NOMATTERHOWHARDITGETSPowerfulMotivationalSpeech.out
mtgame-eu.mindtickle.com,1350031492593686915/1611741051291REMEMBERYOURDREAMMotivationalVideo.mp3,mt-picasso-us-east,1350031489005384041/1350031492593686915/AUDIO210203203843941597152/1611741051291REMEMBERYOURDREAMMotivationalVideo.mp3
mtgame-eu.mindtickle.com,1350031492593686915/1611741051291REMEMBERYOURDREAMMotivationalVideo.mp3/mp3/1.mp3,mt-picasso-us-east,1350031489005384041/1350031492593686915/AUDIO210203203843941648375/1.mp3
mtgame-eu.mindtickle.com,1350031492593686915/1611741051291REMEMBERYOURDREAMMotivationalVideo.flac,mt-picasso-us-east,1350031489005384041/1350031492593686915/AUDIO210203203843941688136/1611741051291REMEMBERYOURDREAMMotivationalVideo.flac
mtgame-eu.mindtickle.com,1350031492593686915/1611741051291REMEMBERYOURDREAMMotivationalVideo.vtt,mt-picasso-us-east,1350031489005384041/1350031492593686915/DOCUMENT210203203843941726460/1611741051291REMEMBERYOURDREAMMotivationalVideo.vtt
mtgame-eu.mindtickle.com,1350031492593686915/1611741051291REMEMBERYOURDREAMMotivationalVideo.out,mt-picasso-us-east,1350031489005384041/1350031492593686915/DOCUMENT21020320384394176263/1611741051291REMEMBERYOURDREAMMotivationalVideo.out
mtgame-eu.mindtickle.com,1350031492593686915/1611741150529sample.m4a,mt-picasso-us-east,1350031489005384041/1350031492593686915/AUDIO210203203843941994360/1611741150529sample.m4a
mtgame-eu.mindtickle.com,1350031492593686915/1611741150529sample.m4a/mp3/1.mp3,mt-picasso-us-east,1350031489005384041/1350031492593686915/AUDIO21020320384394211577/1.mp3
mtgame-eu.mindtickle.com,1350031492593686915/1611750546026file_example_WAV_1MG.oga,mt-picasso-us-east,1350031489005384041/1350031492593686915/AUDIO210203203843942285377/1611750546026file_example_WAV_1MG.oga
mtgame-eu.mindtickle.com,1350031492593686915/1611750546026file_example_WAV_1MG.oga/mp3/1.mp3,mt-picasso-us-east,1350031489005384041/1350031492593686915/AUDIO210203203843942332159/1.mp3
mtgame-eu.mindtickle.com,1350031492593686915/1611893602538ff16b2c44100hz.aac,mt-picasso-us-east,1350031489005384041/1350031492593686915/AUDIO210203203843942494342/1611893602538ff16b2c44100hz.aac
mtgame-eu.mindtickle.com,1350031492593686915/1611893602538ff16b2c44100hz.aac/mp3/1.mp3,mt-picasso-us-east,1350031489005384041/1350031492593686915/AUDIO21020320384394254060/1.mp3
mtgame-eu.mindtickle.com,1350031492593686915/1611893678631file_example_MP3_5MG.mp3,mt-picasso-us-east,1350031489005384041/1350031492593686915/AUDIO210203203843942698399/1611893678631file_example_MP3_5MG.mp3
mtgame-eu.mindtickle.com,1350031492593686915/1611893678631file_example_MP3_5MG.mp3/mp3/1.mp3,mt-picasso-us-east,1350031489005384041/1350031492593686915/AUDIO210203203843942744397/1.mp3
mtgame-eu.mindtickle.com,1350031492593686915/1611893752551SymphonyNo.61stmovement.m4a,mt-picasso-us-east,1350031489005384041/1350031492593686915/AUDIO210203203843942898390/1611893752551SymphonyNo.61stmovement.m4a
mtgame-eu.mindtickle.com,1350031492593686915/1611893752551SymphonyNo.61stmovement.m4a/mp3/1.mp3,mt-picasso-us-east,1350031489005384041/1350031492593686915/AUDIO210203203843942944115/1.mp3
mtgame-eu.mindtickle.com,1350031492593686915/1611893796478file_example_OOG_5MG.ogg,mt-picasso-us-east,1350031489005384041/1350031492593686915/AUDIO21020320384394314315/1611893796478file_example_OOG_5MG.ogg
mtgame-eu.mindtickle.com,1350031492593686915/1611893796478file_example_OOG_5MG.ogg/mp3/1.mp3,mt-picasso-us-east,1350031489005384041/1350031492593686915/AUDIO21020320384394319131/1.mp3
mtgame-eu.mindtickle.com,1350031492593686915/1611894883241sample1.oga,mt-picasso-us-east,1350031489005384041/1350031492593686915/AUDIO210203203843943343268/1611894883241sample1.oga
mtgame-eu.mindtickle.com,1350031492593686915/1611894883241sample1.oga/mp3/1.mp3,mt-picasso-us-east,1350031489005384041/1350031492593686915/AUDIO21020320384394338887/1.mp3
mtgame-eu.mindtickle.com,1350031492593686915/1611894985950SymphonyNo.61stmovement.m4a,mt-picasso-us-east,1350031489005384041/1350031492593686915/AUDIO210203203843943542173/1611894985950SymphonyNo.61stmovement.m4a
mtgame-eu.mindtickle.com,1350031492593686915/1611894985950SymphonyNo.61stmovement.m4a/mp3/1.mp3,mt-picasso-us-east,1350031489005384041/1350031492593686915/AUDIO2102032038439435887/1.mp3
mtgame-eu.mindtickle.com,1350031492593686915/1611895059743file_example_MP3_5MG.mp3,mt-picasso-us-east,1350031489005384041/1350031492593686915/AUDIO210203203844316586128/1611895059743file_example_MP3_5MG.mp3
mtgame-eu.mindtickle.com,1350031492593686915/1611895059743file_example_MP3_5MG.mp3/mp3/1.mp3,mt-picasso-us-east,1350031489005384041/1350031492593686915/AUDIO210203203844316662133/1.mp3
mtgame-eu.mindtickle.com,1350031492593686915/1611895306454ff16b2c44100hz.aac,mt-picasso-us-east,1350031489005384041/1350031492593686915/AUDIO210203203844316857509/1611895306454ff16b2c44100hz.aac
mtgame-eu.mindtickle.com,1350031492593686915/1611895306454ff16b2c44100hz.aac/mp3/1.mp3,mt-picasso-us-east,1350031489005384041/1350031492593686915/AUDIO210203203844316906120/1.mp3
mtgame-eu.mindtickle.com,1350031492593686915/1611895361000SymphonyNo.61stmovement.m4a,mt-picasso-us-east,1350031489005384041/1350031492593686915/AUDIO210203203844317063309/1611895361000SymphonyNo.61stmovement.m4a
mtgame-eu.mindtickle.com,1350031492593686915/1611895361000SymphonyNo.61stmovement.m4a/mp3/1.mp3,mt-picasso-us-east,1350031489005384041/1350031492593686915/AUDIO21020320384431711080/1.mp3
mtgame-eu.mindtickle.com,1350031492593686915/1611895407350file_example_OOG_5MG.ogg,mt-picasso-us-east,1350031489005384041/1350031492593686915/AUDIO210203203844317267323/1611895407350file_example_OOG_5MG.ogg
mtgame-eu.mindtickle.com,1350031492593686915/1611895407350file_example_OOG_5MG.ogg/mp3/1.mp3,mt-picasso-us-east,1350031489005384041/1350031492593686915/AUDIO210203203844317313409/1.mp3
mtgame-eu.mindtickle.com,1350031492593686915/1611895486736file_example_WAV_10MG.wav,mt-picasso-us-east,1350031489005384041/1350031492593686915/AUDIO21020320384431746829/1611895486736file_example_WAV_10MG.wav
mtgame-eu.mindtickle.com,1350031492593686915/1611895486736file_example_WAV_10MG.wav/mp3/1.mp3,mt-picasso-us-east,1350031489005384041/1350031492593686915/AUDIO210203203844317514149/1.mp3
mtgame-eu.mindtickle.com,1350031492593686915/1611896051613sample1.oga,mt-picasso-us-east,1350031489005384041/1350031492593686915/AUDIO210203203844317663216/1611896051613sample1.oga
mtgame-eu.mindtickle.com,1350031492593686915/1611896051613sample1.oga/mp3/1.mp3,mt-picasso-us-east,1350031489005384041/1350031492593686915/AUDIO210203203844317707356/1.mp3
mtgame-eu.mindtickle.com,1350031492593686915/1611896157643gs16b2c44100hz.aac,mt-picasso-us-east,1350031489005384041/1350031492593686915/AUDIO210203203844317969190/1611896157643gs16b2c44100hz.aac
mtgame-eu.mindtickle.com,1350031492593686915/1611896157643gs16b2c44100hz.aac/mp3/1.mp3,mt-picasso-us-east,1350031489005384041/1350031492593686915/AUDIO210203203844318031256/1.mp3
mtgame-eu.mindtickle.com,1350031492593686915/1611896187829file_example_MP3_700KB.mp3,mt-picasso-us-east,1350031489005384041/1350031492593686915/AUDIO210203203844318208209/1611896187829file_example_MP3_700KB.mp3
mtgame-eu.mindtickle.com,1350031492593686915/1611896187829file_example_MP3_700KB.mp3/mp3/1.mp3,mt-picasso-us-east,1350031489005384041/1350031492593686915/AUDIO210203203844318257296/1.mp3
mtgame-eu.mindtickle.com,1350031492593686915/1611896410364file_example_MP3_5MG.mp3,mt-picasso-us-east,1350031489005384041/1350031492593686915/AUDIO210203203844318466481/1611896410364file_example_MP3_5MG.mp3
mtgame-eu.mindtickle.com,1350031492593686915/1611896410364file_example_MP3_5MG.mp3/mp3/1.mp3,mt-picasso-us-east,1350031489005384041/1350031492593686915/AUDIO210203203844318516319/1.mp3
mtgame-eu.mindtickle.com,1350031492593686915/1611896451250ff16b2c44100hz.aac,mt-picasso-us-east,1350031489005384041/1350031492593686915/AUDIO210203203844318678491/1611896451250ff16b2c44100hz.aac
mtgame-eu.mindtickle.com,1350031492593686915/1611896451250ff16b2c44100hz.aac/mp3/1.mp3,mt-picasso-us-east,1350031489005384041/1350031492593686915/AUDIO210203203844318724384/1.mp3
mtgame-eu.mindtickle.com,1350031492593686915/1611896491219SymphonyNo.61stmovement.m4a,mt-picasso-us-east,1350031489005384041/1350031492593686915/AUDIO210203203844699055302/1611896491219SymphonyNo.61stmovement.m4a
mtgame-eu.mindtickle.com,1350031492593686915/1611896491219SymphonyNo.61stmovement.m4a/mp3/1.mp3,mt-picasso-us-east,1350031489005384041/1350031492593686915/AUDIO210203203844699131103/1.mp3
mtgame-eu.mindtickle.com,1350031492593686915/1611896527757file_example_OOG_5MG.ogg,mt-picasso-us-east,1350031489005384041/1350031492593686915/AUDIO210203203844699325137/1611896527757file_example_OOG_5MG.ogg
mtgame-eu.mindtickle.com,1350031492593686915/1611896527757file_example_OOG_5MG.ogg/mp3/1.mp3,mt-picasso-us-east,1350031489005384041/1350031492593686915/AUDIO210203203844699374476/1.mp3
mtgame-eu.mindtickle.com,1350031492593686915/1611896603987file_example_WAV_10MG.wav,mt-picasso-us-east,1350031489005384041/1350031492593686915/AUDIO210203203844699532147/1611896603987file_example_WAV_10MG.wav
mtgame-eu.mindtickle.com,1350031492593686915/1611896603987file_example_WAV_10MG.wav/mp3/1.mp3,mt-picasso-us-east,1350031489005384041/1350031492593686915/AUDIO210203203844699579496/1.mp3
mtgame-eu.mindtickle.com,1350031492593686915/1611897016810file_example_MP3_5MG.mp3,mt-picasso-us-east,1350031489005384041/1350031492593686915/AUDIO21020320384469973222/1611897016810file_example_MP3_5MG.mp3
mtgame-eu.mindtickle.com,1350031492593686915/1611897016810file_example_MP3_5MG.mp3/mp3/1.mp3,mt-picasso-us-east,1350031489005384041/1350031492593686915/AUDIO210203203844699777198/1.mp3
mtgame-eu.mindtickle.com,1350031492593686915/1611897173282SymphonyNo.61stmovement.m4a,mt-picasso-us-east,1350031489005384041/1350031492593686915/AUDIO21020320384469999431/1611897173282SymphonyNo.61stmovement.m4a
mtgame-eu.mindtickle.com,1350031492593686915/1611897173282SymphonyNo.61stmovement.m4a/mp3/1.mp3,mt-picasso-us-east,1350031489005384041/1350031492593686915/AUDIO210203203844700043296/1.mp3
mtgame-eu.mindtickle.com,1350031492593686915/1611897239567file_example_OOG_5MG.ogg,mt-picasso-us-east,1350031489005384041/1350031492593686915/AUDIO210203203844700239470/1611897239567file_example_OOG_5MG.ogg
mtgame-eu.mindtickle.com,1350031492593686915/1611897239567file_example_OOG_5MG.ogg/mp3/1.mp3,mt-picasso-us-east,1350031489005384041/1350031492593686915/AUDIO21020320384470028721/1.mp3
mtgame-eu.mindtickle.com,1350031492593686915/1611897278067sample1.oga,mt-picasso-us-east,1350031489005384041/1350031492593686915/AUDIO210203203844700438500/1611897278067sample1.oga
mtgame-eu.mindtickle.com,1350031492593686915/1611897278067sample1.oga/mp3/1.mp3,mt-picasso-us-east,1350031489005384041/1350031492593686915/AUDIO210203203844700485231/1.mp3
mtgame-eu.mindtickle.com,1350031492593686915/user/4d6c211f404eec9b/1354370155635599202/1354370155635599202_1/audio/4d6c211f404eec9b_1611906592017/4d6c211f404eec9b_1611906592017.webm,mt-picasso-us-east,1350031489005384041/1350031492593686915/AUDIO210203203844700662173/4d6c211f404eec9b_1611906592017.webm
mtgame-eu.mindtickle.com,1350031492593686915/user/4d6c211f404eec9b/1354370155635599202/1354370155635599202_1/audio/4d6c211f404eec9b_1611906592017/4d6c211f404eec9b_1611906592017.webm/mp3/1.mp3,mt-picasso-us-east,1350031489005384041/1350031492593686915/AUDIO210203203844700713397/1.mp3
mtgame-eu.mindtickle.com,1350031492593686915/user/4d6c211f621dfafd/1611908855748_4d6c211f621dfafd_1minute12wav.wav,mt-picasso-us-east,1350031489005384041/1350031492593686915/AUDIO210203203844700873510/1611908855748_4d6c211f621dfafd_1minute12wav.wav
mtgame-eu.mindtickle.com,1350031492593686915/user/4d6c211f621dfafd/1611908855748_4d6c211f621dfafd_1minute12wav.wav/mp3/1.mp3,mt-picasso-us-east,1350031489005384041/1350031492593686915/AUDIO210203203844700920258/1.mp3
mtgame-eu.mindtickle.com,1350031492593686915/user/4d6c211f621dfafd/1354370155635599202/1354370155635599202_1/audio/4d6c211f621dfafd_1611909911811/4d6c211f621dfafd_1611909911811.webm,mt-picasso-us-east,1350031489005384041/1350031492593686915/AUDIO210203203844701084443/4d6c211f621dfafd_1611909911811.webm
mtgame-eu.mindtickle.com,1350031492593686915/user/4d6c211f621dfafd/1354370155635599202/1354370155635599202_1/audio/4d6c211f621dfafd_1611909911811/4d6c211f621dfafd_1611909911811.webm/mp3/1.mp3,mt-picasso-us-east,1350031489005384041/1350031492593686915/AUDIO21020320384470113279/1.mp3
mtgame-eu.mindtickle.com,1350031492593686915/user/4d6c2122f603e54d/1611911030249_4d6c2122f603e54d_videoplaybackwav.wav,mt-picasso-us-east,1350031489005384041/1350031492593686915/AUDIO210203203845027833188/1611911030249_4d6c2122f603e54d_videoplaybackwav.wav
mtgame-eu.mindtickle.com,1350031492593686915/user/4d6c2122f603e54d/1611911030249_4d6c2122f603e54d_videoplaybackwav.wav/mp3/1.mp3,mt-picasso-us-east,1350031489005384041/1350031492593686915/AUDIO21020320384502800310/1.mp3
mtgame-eu.mindtickle.com,1350031492593686915/user/4d6c211fbe31f3d4/1611911445486_4d6c211fbe31f3d4_IndianGirlsCodeAditiPrasadTEDxChennaimp3.mp3,mt-picasso-us-east,1350031489005384041/1350031492593686915/AUDIO210203203845028419237/1611911445486_4d6c211fbe31f3d4_IndianGirlsCodeAditiPrasadTEDxChennaimp3.mp3
mtgame-eu.mindtickle.com,1350031492593686915/user/4d6c211fbe31f3d4/1611911445486_4d6c211fbe31f3d4_IndianGirlsCodeAditiPrasadTEDxChennaimp3.mp3/mp3/1.mp3,mt-picasso-us-east,1350031489005384041/1350031492593686915/AUDIO210203203845028499464/1.mp3
mtgame-eu.mindtickle.com,1350031492593686915/user/4d6c211fbe31f3d4/1354364284476765079/1354364284476765079_1/audio/4d6c211fbe31f3d4_1611911518849/4d6c211fbe31f3d4_1611911518849.webm,mt-picasso-us-east,1350031489005384041/1350031492593686915/AUDIO210203203845028897143/4d6c211fbe31f3d4_1611911518849.webm
mtgame-eu.mindtickle.com,1350031492593686915/user/4d6c211fbe31f3d4/1354364284476765079/1354364284476765079_1/audio/4d6c211fbe31f3d4_1611911518849/4d6c211fbe31f3d4_1611911518849.webm/mp3/1.mp3,mt-picasso-us-east,1350031489005384041/1350031492593686915/AUDIO210203203845028974504/1.mp3
mtgame-eu.mindtickle.com,1350031492593686915/user/4d6c211fbe31f3d4/1354364284476765079/1354364284476765079_1/audio/4d6c211fbe31f3d4_1611911518849/4d6c211fbe31f3d4_1611911518849.flac,mt-picasso-us-east,1350031489005384041/1350031492593686915/AUDIO210203203845029027210/4d6c211fbe31f3d4_1611911518849.flac
mtgame-eu.mindtickle.com,1350031492593686915/user/4d6c211fbe31f3d4/1354364284476765079/1354364284476765079_1/audio/4d6c211fbe31f3d4_1611911518849/4d6c211fbe31f3d4_1611911518849.vtt,mt-picasso-us-east,1350031489005384041/1350031492593686915/DOCUMENT210203203845029078317/4d6c211fbe31f3d4_1611911518849.vtt
mtgame-eu.mindtickle.com,1350031492593686915/user/4d6c211fbe31f3d4/1354364284476765079/1354364284476765079_1/audio/4d6c211fbe31f3d4_1611911518849/4d6c211fbe31f3d4_1611911518849.out,mt-picasso-us-east,1350031489005384041/1350031492593686915/DOCUMENT210203203845029127441/4d6c211fbe31f3d4_1611911518849.out
mtgame-eu.mindtickle.com,1350031492593686915/user/4d6c211fded8b6b8/1611911695846_4d6c211fded8b6b8_IndianGirlsCodeAditiPrasadTEDxChennaimp3.mp3,mt-picasso-us-east,1350031489005384041/1350031492593686915/AUDIO210203203845029474481/1611911695846_4d6c211fded8b6b8_IndianGirlsCodeAditiPrasadTEDxChennaimp3.mp3
mtgame-eu.mindtickle.com,1350031492593686915/user/4d6c211fded8b6b8/1611911695846_4d6c211fded8b6b8_IndianGirlsCodeAditiPrasadTEDxChennaimp3.mp3/mp3/1.mp3,mt-picasso-us-east,1350031489005384041/1350031492593686915/AUDIO210203203845029540265/1.mp3
mtgame-eu.mindtickle.com,1350031492593686915/user/4d6c211fded8b6b8/1354364284476765079/1354364284476765079_1/audio/4d6c211fded8b6b8_1611911976223/4d6c211fded8b6b8_1611911976223.webm,mt-picasso-us-east,1350031489005384041/1350031492593686915/AUDIO210203203845029787251/4d6c211fded8b6b8_1611911976223.webm
mtgame-eu.mindtickle.com,1350031492593686915/user/4d6c211fded8b6b8/1354364284476765079/1354364284476765079_1/audio/4d6c211fded8b6b8_1611911976223/4d6c211fded8b6b8_1611911976223.webm/mp3/1.mp3,mt-picasso-us-east,1350031489005384041/1350031492593686915/AUDIO21020320384502995820/1.mp3
mtgame-eu.mindtickle.com,1350031492593686915/user/4d6c211fded8b6b8/1354364284476765079/1354364284476765079_1/audio/4d6c211fded8b6b8_1611911976223/4d6c211fded8b6b8_1611911976223.flac,mt-picasso-us-east,1350031489005384041/1350031492593686915/AUDIO210203203845030038379/4d6c211fded8b6b8_1611911976223.flac
mtgame-eu.mindtickle.com,1350031492593686915/user/4d6c211fded8b6b8/1354364284476765079/1354364284476765079_1/audio/4d6c211fded8b6b8_1611911976223/4d6c211fded8b6b8_1611911976223.vtt,mt-picasso-us-east,1350031489005384041/1350031492593686915/DOCUMENT210203203845030085436/4d6c211fded8b6b8_1611911976223.vtt
mtgame-eu.mindtickle.com,1350031492593686915/user/4d6c211fded8b6b8/1354364284476765079/1354364284476765079_1/audio/4d6c211fded8b6b8_1611911976223/4d6c211fded8b6b8_1611911976223.out,mt-picasso-us-east,1350031489005384041/1350031492593686915/DOCUMENT21020320384503012997/4d6c211fded8b6b8_1611911976223.out
mtgame-eu.mindtickle.com,1350031492593686915/user/4d6c21213250b043/1611912261248_4d6c21213250b043_IndianGirlsCodeAditiPrasadTEDxChennaimp3.mp3,mt-picasso-us-east,1350031489005384041/1350031492593686915/AUDIO210203203845030488478/1611912261248_4d6c21213250b043_IndianGirlsCodeAditiPrasadTEDxChennaimp3.mp3
mtgame-eu.mindtickle.com,1350031492593686915/user/4d6c21213250b043/1611912261248_4d6c21213250b043_IndianGirlsCodeAditiPrasadTEDxChennaimp3.mp3/mp3/1.mp3,mt-picasso-us-east,1350031489005384041/1350031492593686915/AUDIO210203203845030610475/1.mp3
mtgame-eu.mindtickle.com,1350031492593686915/user/4d6c21213250b043/1354364284476765079/1354364284476765079_1/audio/4d6c21213250b043_1611912698734/4d6c21213250b043_1611912698734.webm,mt-picasso-us-east,1350031489005384041/1350031492593686915/AUDIO210203203845030850455/4d6c21213250b043_1611912698734.webm
mtgame-eu.mindtickle.com,1350031492593686915/user/4d6c21213250b043/1354364284476765079/1354364284476765079_1/audio/4d6c21213250b043_1611912698734/4d6c21213250b043_1611912698734.webm/mp3/1.mp3,mt-picasso-us-east,1350031489005384041/1350031492593686915/AUDIO21020320384503105451/1.mp3
mtgame-eu.mindtickle.com,1350031492593686915/user/4d6c21213250b043/1354364284476765079/1354364284476765079_1/audio/4d6c21213250b043_1611912698734/4d6c21213250b043_1611912698734.flac,mt-picasso-us-east,1350031489005384041/1350031492593686915/AUDIO210203203845031103141/4d6c21213250b043_1611912698734.flac
mtgame-eu.mindtickle.com,1350031492593686915/user/4d6c21213250b043/1354364284476765079/1354364284476765079_1/audio/4d6c21213250b043_1611912698734/4d6c21213250b043_1611912698734.vtt,mt-picasso-us-east,1350031489005384041/1350031492593686915/DOCUMENT210203203845031147452/4d6c21213250b043_1611912698734.vtt
mtgame-eu.mindtickle.com,1350031492593686915/user/4d6c21213250b043/1354364284476765079/1354364284476765079_1/audio/4d6c21213250b043_1611912698734/4d6c21213250b043_1611912698734.out,mt-picasso-us-east,1350031489005384041/1350031492593686915/DOCUMENT210203203845031189178/4d6c21213250b043_1611912698734.out
mtgame-eu.mindtickle.com,1350031492593686915/1612248280864file_example_MP3_700KB.mp3,mt-picasso-us-east,1350031489005384041/1350031492593686915/AUDIO21020320384503157971/1612248280864file_example_MP3_700KB.mp3
mtgame-eu.mindtickle.com,1350031492593686915/1612248280864file_example_MP3_700KB.mp3/mp3/1.mp3,mt-picasso-us-east,1350031489005384041/1350031492593686915/AUDIO210203203845031650406/1.mp3
mtgame-eu.mindtickle.com,1350031492593686915/1612248352277file_example_MP3_700KB.mp3,mt-picasso-us-east,1350031489005384041/1350031492593686915/AUDIO210203203845031843221/1612248352277file_example_MP3_700KB.mp3
mtgame-eu.mindtickle.com,1350031492593686915/1612248352277file_example_MP3_700KB.mp3/mp3/1.mp3,mt-picasso-us-east,1350031489005384041/1350031492593686915/AUDIO210203203845031900232/1.mp3
mtgame-eu.mindtickle.com,1350031492593686915/1612248382458file_example_MP3_700KB.mp3,mt-picasso-us-east,1350031489005384041/1350031492593686915/AUDIO21020320384503220084/1612248382458file_example_MP3_700KB.mp3
mtgame-eu.mindtickle.com,1350031492593686915/1612248382458file_example_MP3_700KB.mp3/mp3/1.mp3,mt-picasso-us-east,1350031489005384041/1350031492593686915/AUDIO210203203845032270259/1.mp3
mtgame-eu.mindtickle.com,1350031492593686915/1612249475002file_example_MP3_700KB.mp3,mt-picasso-us-east,1350031489005384041/1350031492593686915/AUDIO210203203845802041200/1612249475002file_example_MP3_700KB.mp3
mtgame-eu.mindtickle.com,1350031492593686915/1612249475002file_example_MP3_700KB.mp3/mp3/1.mp3,mt-picasso-us-east,1350031489005384041/1350031492593686915/AUDIO210203203845802136403/1.mp3
mtgame-eu.mindtickle.com,1350031492593686915/1612273841123file_example_MP3_700KB.mp3,mt-picasso-us-east,1350031489005384041/1350031492593686915/AUDIO21020320384580233985/1612273841123file_example_MP3_700KB.mp3
mtgame-eu.mindtickle.com,1350031492593686915/1612273841123file_example_MP3_700KB.mp3/mp3/1.mp3,mt-picasso-us-east,1350031489005384041/1350031492593686915/AUDIO21020320384580239177/1.mp3
mtgame-eu.mindtickle.com,1350031492593686915/1611740719968SamplePPTFile_500kb.ppt,mt-picasso-us-east,1350031489005384041/1350031492593686915/DOCUMENT210203203845802551193/1611740719968SamplePPTFile_500kb.ppt
mtdocs-eu-box-processed,1354364900371326730/doc.pdf,mt-picasso-us-east,1350031489005384041/1350031492593686915/DOCUMENT210203203845802599337/doc.pdf
mtgame-eu.mindtickle.com,1350031492593686915/1611740719968SamplePPTFile_500kb.ppt/imagified/out_{image_num}.png,mt-picasso-us-east,1350031489005384041/1350031492593686915/CATALOGUE21020320384580263789/out_{image_num}.png
mtgame-eu.mindtickle.com,1350031492593686915/161174177704913Using_Powerpoint2.ppt,mt-picasso-us-east,1350031489005384041/1350031492593686915/DOCUMENT210203203845802817269/161174177704913Using_Powerpoint2.ppt
mtdocs-eu-box-processed,1354369337075516734/doc.pdf,mt-picasso-us-east,1350031489005384041/1350031492593686915/DOCUMENT210203203845802863414/doc.pdf
mtgame-eu.mindtickle.com,1350031492593686915/161174177704913Using_Powerpoint2.ppt/imagified/out_{image_num}.png,mt-picasso-us-east,1350031489005384041/1350031492593686915/CATALOGUE210203203845802900227/out_{image_num}.png
mtgame-eu.mindtickle.com,1350031492593686915/1611811089623/1239890546273935705/1587983418360sampleppt.pptx,mt-picasso-us-east,1350031489005384041/1350031492593686915/DOCUMENT2102032038458030778/1587983418360sampleppt.pptx
mtdocs-eu-box-processed,1354659996773594183/doc.pdf,mt-picasso-us-east,1350031489005384041/1350031492593686915/DOCUMENT210203203845803124496/doc.pdf
mtgame-eu.mindtickle.com,1350031492593686915/1611811089623/1239890546273935705/1587983418360sampleppt.pptx/imagified/out_{image_num}.png,mt-picasso-us-east,1350031489005384041/1350031492593686915/CATALOGUE21020320384580316194/out_{image_num}.png
mtgame-eu.mindtickle.com,1350031492593686915/1611813756733/1239890546273935705/1587983418360sampleppt.pptx,mt-picasso-us-east,1350031489005384041/1350031492593686915/DOCUMENT210203203845803337471/1587983418360sampleppt.pptx
mtdocs-eu-box-processed,1354671181583014266/doc.pdf,mt-picasso-us-east,1350031489005384041/1350031492593686915/DOCUMENT210203203845803383123/doc.pdf
mtgame-eu.mindtickle.com,1350031492593686915/1611813756733/1239890546273935705/1587983418360sampleppt.pptx/imagified/out_{image_num}.png,mt-picasso-us-east,1350031489005384041/1350031492593686915/CATALOGUE210203203845803419331/out_{image_num}.png
mtgame-eu.mindtickle.com,1350031492593686915/1611814171079/1239890546273935705/1587983418360sampleppt.pptx,mt-picasso-us-east,1350031489005384041/1350031492593686915/DOCUMENT21020320384580359556/1587983418360sampleppt.pptx
mtdocs-eu-box-processed,1354672921890324584/doc.pdf,mt-picasso-us-east,1350031489005384041/1350031492593686915/DOCUMENT210203203845803640337/doc.pdf
mtgame-eu.mindtickle.com,1350031492593686915/1611814171079/1239890546273935705/1587983418360sampleppt.pptx/imagified/out_{image_num}.png,mt-picasso-us-east,1350031489005384041/1350031492593686915/CATALOGUE210203203845803677268/out_{image_num}.png
mtgame-eu.mindtickle.com,1350031492593686915/1611817579322/1239890546273935705/1587983418360sampleppt.pptx,mt-picasso-us-east,1350031489005384041/1350031492593686915/DOCUMENT210203203845803854479/1587983418360sampleppt.pptx
mtdocs-eu-box-processed,1354687213856466038/doc.pdf,mt-picasso-us-east,1350031489005384041/1350031492593686915/DOCUMENT21020320384580390084/doc.pdf
mtgame-eu.mindtickle.com,1350031492593686915/1611817579322/1239890546273935705/1587983418360sampleppt.pptx/imagified/out_{image_num}.png,mt-picasso-us-east,1350031489005384041/1350031492593686915/CATALOGUE21020320384580394137/out_{image_num}.png
mtgame-eu.mindtickle.com,1350031492593686915/1611894382857samplepptx.pptx,mt-picasso-us-east,1350031489005384041/1350031492593686915/DOCUMENT210203203845804308403/1611894382857samplepptx.pptx
mtdocs-eu-box-processed,1355009395726141289/doc.pdf,mt-picasso-us-east,1350031489005384041/1350031492593686915/DOCUMENT210203203845804360347/doc.pdf
mtgame-eu.mindtickle.com,1350031492593686915/1611894382857samplepptx.pptx/imagified/out_{image_num}.png,mt-picasso-us-east,1350031489005384041/1350031492593686915/CATALOGUE210203203845804398278/out_{image_num}.png
mtgame-eu.mindtickle.com,1350031492593686915/1611894610158samplepptx.pptx,mt-picasso-us-east,1350031489005384041/1350031492593686915/DOCUMENT210203203845804590303/1611894610158samplepptx.pptx
mtdocs-eu-box-processed,1355010347786575560/doc.pdf,mt-picasso-us-east,1350031489005384041/1350031492593686915/DOCUMENT210203203845804639208/doc.pdf
mtgame-eu.mindtickle.com,1350031492593686915/1611894610158samplepptx.pptx/imagified/out_{image_num}.png,mt-picasso-us-east,1350031489005384041/1350031492593686915/CATALOGUE21020320384580467965/out_{image_num}.png
mtgame-eu.mindtickle.com,1350031492593686915/1611894686665816.ppt,mt-picasso-us-east,1350031489005384041/1350031492593686915/DOCUMENT21020320384744680255/1611894686665816.ppt
mtdocs-eu-box-processed,1355010665184727550/doc.pdf,mt-picasso-us-east,1350031489005384041/1350031492593686915/DOCUMENT210203203847446912425/doc.pdf
mtgame-eu.mindtickle.com,1350031492593686915/1611894686665816.ppt/imagified/out_{image_num}.png,mt-picasso-us-east,1350031489005384041/1350031492593686915/CATALOGUE210203203847447061470/out_{image_num}.png
mtgame-eu.mindtickle.com,1350031492593686915/1611895667058samplepptx.pptx,mt-picasso-us-east,1350031489005384041/1350031492593686915/DOCUMENT210203203847447365361/1611895667058samplepptx.pptx
mtdocs-eu-box-processed,1355014781055155546/doc.pdf,mt-picasso-us-east,1350031489005384041/1350031492593686915/DOCUMENT210203203847447424466/doc.pdf
mtgame-eu.mindtickle.com,1350031492593686915/1611895667058samplepptx.pptx/imagified/out_{image_num}.png,mt-picasso-us-east,1350031489005384041/1350031492593686915/CATALOGUE210203203847447464504/out_{image_num}.png
mtgame-eu.mindtickle.com,1350031492593686915/1611895837942pptx2.pptx,mt-picasso-us-east,1350031489005384041/1350031492593686915/DOCUMENT210203203847447726318/1611895837942pptx2.pptx
mtdocs-eu-box-processed,1355015521421312331/doc.pdf,mt-picasso-us-east,1350031489005384041/1350031492593686915/DOCUMENT210203203847447789206/doc.pdf
mtgame-eu.mindtickle.com,1350031492593686915/1611895837942pptx2.pptx/imagified/out_{image_num}.png,mt-picasso-us-east,1350031489005384041/1350031492593686915/CATALOGUE21020320384744782929/out_{image_num}.png
mtgame-eu.mindtickle.com,1350031492593686915/1611895874807816.ppt,mt-picasso-us-east,1350031489005384041/1350031492593686915/DOCUMENT210203203847448028455/1611895874807816.ppt
mtdocs-eu-box-processed,1355015652096001468/doc.pdf,mt-picasso-us-east,1350031489005384041/1350031492593686915/DOCUMENT210203203847448077446/doc.pdf
mtgame-eu.mindtickle.com,1350031492593686915/1611895874807816.ppt/imagified/out_{image_num}.png,mt-picasso-us-east,1350031489005384041/1350031492593686915/CATALOGUE210203203847448114253/out_{image_num}.png
mtgame-eu.mindtickle.com,1350031492593686915/user/4d6c211f621dfafd/1611908959050_4d6c211f621dfafd_SamplePPTFile_500kbppt.ppt,mt-picasso-us-east,1350031489005384041/1350031492593686915/DOCUMENT210203203847448293231/1611908959050_4d6c211f621dfafd_SamplePPTFile_500kbppt.ppt
mtdocs-eu-box-processed,1355070542678217900/doc.pdf,mt-picasso-us-east,1350031489005384041/1350031492593686915/DOCUMENT210203203847448342273/doc.pdf
mtgame-eu.mindtickle.com,1350031492593686915/user/4d6c211f621dfafd/1611908959050_4d6c211f621dfafd_SamplePPTFile_500kbppt.ppt/imagified/out_{image_num}.png,mt-picasso-us-east,1350031489005384041/1350031492593686915/CATALOGUE210203203847448379466/out_{image_num}.png
mtgame-eu.mindtickle.com,1350031492593686915/user/4d6c211f621dfafd/1611909646548_4d6c211f621dfafd_13Using_Powerpoint2ppt.ppt,mt-picasso-us-east,1350031489005384041/1350031492593686915/DOCUMENT210203203847448589431/1611909646548_4d6c211f621dfafd_13Using_Powerpoint2ppt.ppt
mtdocs-eu-box-processed,1355073442437742035/doc.pdf,mt-picasso-us-east,1350031489005384041/1350031492593686915/DOCUMENT210203203847448648491/doc.pdf
mtgame-eu.mindtickle.com,1350031492593686915/user/4d6c211f621dfafd/1611909646548_4d6c211f621dfafd_13Using_Powerpoint2ppt.ppt/imagified/out_{image_num}.png,mt-picasso-us-east,1350031489005384041/1350031492593686915/CATALOGUE210203203847448690385/out_{image_num}.png
mtgame-eu.mindtickle.com,1350031492593686915/user/4d6c2122f603e54d/1611910279839_4d6c2122f603e54d_13Using_Powerpoint2ppt.ppt,mt-picasso-us-east,1350031489005384041/1350031492593686915/DOCUMENT210203203847448934312/1611910279839_4d6c2122f603e54d_13Using_Powerpoint2ppt.ppt
mtdocs-eu-box-processed,1355076085389493972/doc.pdf,mt-picasso-us-east,1350031489005384041/1350031492593686915/DOCUMENT210203203847448987424/doc.pdf
mtgame-eu.mindtickle.com,1350031492593686915/user/4d6c2122f603e54d/1611910279839_4d6c2122f603e54d_13Using_Powerpoint2ppt.ppt/imagified/out_{image_num}.png,mt-picasso-us-east,1350031489005384041/1350031492593686915/CATALOGUE210203203847449031227/out_{image_num}.png
mtgame-eu.mindtickle.com,1350031492593686915/user/4d6c2122f603e54d/1611910336177_4d6c2122f603e54d_DataProtectionpptx.pptx,mt-picasso-us-east,1350031489005384041/1350031492593686915/DOCUMENT210203203847449302208/1611910336177_4d6c2122f603e54d_DataProtectionpptx.pptx
mtdocs-eu-box-processed,1355076323901031276/doc.pdf,mt-picasso-us-east,1350031489005384041/1350031492593686915/DOCUMENT210203203847449378496/doc.pdf
mtgame-eu.mindtickle.com,1350031492593686915/user/4d6c2122f603e54d/1611910336177_4d6c2122f603e54d_DataProtectionpptx.pptx/imagified/out_{image_num}.png,mt-picasso-us-east,1350031489005384041/1350031492593686915/CATALOGUE210203203847449462481/out_{image_num}.png
mtgame-eu.mindtickle.com,1350031492593686915/user/4d6c211fded8b6b8/1611911907546_4d6c211fded8b6b8_reviewer_table2pptx.pptx,mt-picasso-us-east,1350031489005384041/1350031492593686915/DOCUMENT210203203847449715155/1611911907546_4d6c211fded8b6b8_reviewer_table2pptx.pptx
mtdocs-eu-box-processed,1355082908783779000/doc.pdf,mt-picasso-us-east,1350031489005384041/1350031492593686915/DOCUMENT210203203847449770392/doc.pdf
mtgame-eu.mindtickle.com,1350031492593686915/user/4d6c211fded8b6b8/1611911907546_4d6c211fded8b6b8_reviewer_table2pptx.pptx/imagified/out_{image_num}.png,mt-picasso-us-east,1350031489005384041/1350031492593686915/CATALOGUE21020320384744980979/out_{image_num}.png
mtgame-eu.mindtickle.com,1350031492593686915/user/4d6c21213250b043/1611912309784_4d6c21213250b043_15D110020DDPpptx.pptx,mt-picasso-us-east,1350031489005384041/1350031492593686915/DOCUMENT21020320384744999640/1611912309784_4d6c21213250b043_15D110020DDPpptx.pptx
mtdocs-eu-box-processed,1355084608993163072/doc.pdf,mt-picasso-us-east,1350031489005384041/1350031492593686915/DOCUMENT210203203847450044260/doc.pdf
mtgame-eu.mindtickle.com,1350031492593686915/user/4d6c21213250b043/1611912309784_4d6c21213250b043_15D110020DDPpptx.pptx/imagified/out_{image_num}.png,mt-picasso-us-east,1350031489005384041/1350031492593686915/CATALOGUE210203203847450081202/out_{image_num}.png
mtgame-eu.mindtickle.com,1350031492593686915/161191375337919.MOTIVATION.2016.ppt,mt-picasso-us-east,1350031489005384041/1350031492593686915/DOCUMENT21020320384858495822/161191375337919.MOTIVATION.2016.ppt
mtdocs-eu-box-processed,1355090664979123252/doc.pdf,mt-picasso-us-east,1350031489005384041/1350031492593686915/DOCUMENT210203203848585037349/doc.pdf
mtgame-eu.mindtickle.com,1350031492593686915/161191375337919.MOTIVATION.2016.ppt/imagified/out_{image_num}.png,mt-picasso-us-east,1350031489005384041/1350031492593686915/CATALOGUE210203203848585104420/out_{image_num}.png
mtgame-eu.mindtickle.com,1350031492593686915/1612154538076816.ppt,mt-picasso-us-east,1350031489005384041/1350031492593686915/DOCUMENT210203203848585356469/1612154538076816.ppt
mtdocs-eu-box-processed,1356100564724997072/doc.pdf,mt-picasso-us-east,1350031489005384041/1350031492593686915/DOCUMENT210203203848585413215/doc.pdf
mtgame-eu.mindtickle.com,1350031492593686915/1612154538076816.ppt/imagified/out_{image_num}.png,mt-picasso-us-east,1350031489005384041/1350031492593686915/CATALOGUE21020320384858545078/out_{image_num}.png
mtgame-eu.mindtickle.com,1350031492593686915/1612154599088samplepptx.pptx,mt-picasso-us-east,1350031489005384041/1350031492593686915/DOCUMENT21020320384858565983/1612154599088samplepptx.pptx
mtdocs-eu-box-processed,1356100818912771972/doc.pdf,mt-picasso-us-east,1350031489005384041/1350031492593686915/DOCUMENT210203203848585733485/doc.pdf
mtgame-eu.mindtickle.com,1350031492593686915/1612154599088samplepptx.pptx/imagified/out_{image_num}.png,mt-picasso-us-east,1350031489005384041/1350031492593686915/CATALOGUE210203203848585785421/out_{image_num}.png
mtgame-eu.mindtickle.com,1350031492593686915/1612155266062816.ppt,mt-picasso-us-east,1350031489005384041/1350031492593686915/DOCUMENT210203203848586001118/1612155266062816.ppt
mtdocs-eu-box-processed,1356103616116806234/doc.pdf,mt-picasso-us-east,1350031489005384041/1350031492593686915/DOCUMENT210203203848586064299/doc.pdf
mtgame-eu.mindtickle.com,1350031492593686915/1612155266062816.ppt/imagified/out_{image_num}.png,mt-picasso-us-east,1350031489005384041/1350031492593686915/CATALOGUE210203203848586116354/out_{image_num}.png
mtgame-eu.mindtickle.com,1350031492593686915/1612249540747816.ppt,mt-picasso-us-east,1350031489005384041/1350031492593686915/DOCUMENT210203203848586375406/1612249540747816.ppt
mtdocs-eu-box-processed,1356499031987157726/doc.pdf,mt-picasso-us-east,1350031489005384041/1350031492593686915/DOCUMENT210203203848586493135/doc.pdf
mtgame-eu.mindtickle.com,1350031492593686915/1612249540747816.ppt/imagified/out_{image_num}.png,mt-picasso-us-east,1350031489005384041/1350031492593686915/CATALOGUE21020320384858654864/out_{image_num}.png
mtgame-eu.mindtickle.com,1350031492593686915/1612333866029WLNPodcastTemplate_16x91.pptx,mt-picasso-us-east,1350031489005384041/1350031492593686915/DOCUMENT210203203848586800231/1612333866029WLNPodcastTemplate_16x91.pptx
mtdocs-eu-box-processed,1356852727876854815/doc.pdf,mt-picasso-us-east,1350031489005384041/1350031492593686915/DOCUMENT210203203848586861436/doc.pdf
mtgame-eu.mindtickle.com,1350031492593686915/1612333866029WLNPodcastTemplate_16x91.pptx/imagified/out_{image_num}.png,mt-picasso-us-east,1350031489005384041/1350031492593686915/CATALOGUE210203203848586909100/out_{image_num}.png
mtgame-eu.mindtickle.com,1350031492593686915/1612334597211WLNPodcastTemplate_16x91.pptx,mt-picasso-us-east,1350031489005384041/1350031492593686915/DOCUMENT21020320384858721692/1612334597211WLNPodcastTemplate_16x91.pptx
mtdocs-eu-box-processed,1356855798449801105/doc.pdf,mt-picasso-us-east,1350031489005384041/1350031492593686915/DOCUMENT210203203848587280476/doc.pdf
mtgame-eu.mindtickle.com,1350031492593686915/1612334597211WLNPodcastTemplate_16x91.pptx/imagified/out_{image_num}.png,mt-picasso-us-east,1350031489005384041/1350031492593686915/CATALOGUE210203203848587331497/out_{image_num}.png
mtgame-eu.mindtickle.com,1350031492593686915/1611740926979SampleDOCFile_500kb.doc,mt-picasso-us-east,1350031489005384041/1350031492593686915/DOCUMENT210203203848587584506/1611740926979SampleDOCFile_500kb.doc
mtdocs-eu-box-processed,1354365767703532842/doc.pdf,mt-picasso-us-east,1350031489005384041/1350031492593686915/DOCUMENT21020320384858763757/doc.pdf
mtgame-eu.mindtickle.com,1350031492593686915/1611740926979SampleDOCFile_500kb.doc/imagified/out_{image_num}.png,mt-picasso-us-east,1350031489005384041/1350031492593686915/CATALOGUE210203203848587676430/out_{image_num}.png
mtgame-eu.mindtickle.com,1350031492593686915/1611740996542Thequickbrownfoxjumpsoverthelazydogforfood_12.doc,mt-picasso-us-east,1350031489005384041/1350031492593686915/DOCUMENT210203203848587857270/1611740996542Thequickbrownfoxjumpsoverthelazydogforfood_12.doc
mtdocs-eu-box-processed,1354366045026913525/doc.pdf,mt-picasso-us-east,1350031489005384041/1350031492593686915/DOCUMENT21020320384858790359/doc.pdf
mtgame-eu.mindtickle.com,1350031492593686915/1611740996542Thequickbrownfoxjumpsoverthelazydogforfood_12.doc/imagified/out_{image_num}.png,mt-picasso-us-east,1350031489005384041/1350031492593686915/CATALOGUE210203203848587939146/out_{image_num}.png
mtgame-eu.mindtickle.com,1350031492593686915/1611750995594SampleDOCFile_1000kb.doc,mt-picasso-us-east,1350031489005384041/1350031492593686915/DOCUMENT210203203848588110444/1611750995594SampleDOCFile_1000kb.doc
mtdocs-eu-box-processed,1354408004115605601/doc.pdf,mt-picasso-us-east,1350031489005384041/1350031492593686915/DOCUMENT210203203848588154185/doc.pdf
mtgame-eu.mindtickle.com,1350031492593686915/1611750995594SampleDOCFile_1000kb.doc/imagified/out_{image_num}.png,mt-picasso-us-east,1350031489005384041/1350031492593686915/CATALOGUE2102032038485881898/out_{image_num}.png
mtgame-eu.mindtickle.com,1350031492593686915/1611894260699CreativeProjectPresentationTemplate.docx,mt-picasso-us-east,1350031489005384041/1350031492593686915/DOCUMENT210203203850016860337/1611894260699CreativeProjectPresentationTemplate.docx
mtdocs-eu-box-processed,1355008876150040644/doc.pdf,mt-picasso-us-east,1350031489005384041/1350031492593686915/DOCUMENT210203203850016979125/doc.pdf
mtgame-eu.mindtickle.com,1350031492593686915/1611894260699CreativeProjectPresentationTemplate.docx/imagified/out_{image_num}.png,mt-picasso-us-east,1350031489005384041/1350031492593686915/CATALOGUE210203203850017024328/out_{image_num}.png
mtgame-eu.mindtickle.com,1350031492593686915/1611894307797sample.doc,mt-picasso-us-east,1350031489005384041/1350031492593686915/DOCUMENT210203203850017282346/1611894307797sample.doc
mtdocs-eu-box-processed,1355009073008154599/doc.pdf,mt-picasso-us-east,1350031489005384041/1350031492593686915/DOCUMENT210203203850017331427/doc.pdf
mtgame-eu.mindtickle.com,1350031492593686915/1611894307797sample.doc/imagified/out_{image_num}.png,mt-picasso-us-east,1350031489005384041/1350031492593686915/CATALOGUE21020320385001736891/out_{image_num}.png
mtgame-eu.mindtickle.com,1350031492593686915/1611895593392filesample_1MB.docx,mt-picasso-us-east,1350031489005384041/1350031492593686915/DOCUMENT210203203850017546358/1611895593392filesample_1MB.docx
mtdocs-eu-box-processed,1355014480606351641/doc.pdf,mt-picasso-us-east,1350031489005384041/1350031492593686915/DOCUMENT210203203850017592421/doc.pdf
mtgame-eu.mindtickle.com,1350031492593686915/1611895593392filesample_1MB.docx/imagified/out_{image_num}.png,mt-picasso-us-east,1350031489005384041/1350031492593686915/CATALOGUE210203203850017635363/out_{image_num}.png
mtgame-eu.mindtickle.com,1350031492593686915/1611895909767CreativeProjectPresentationTemplate.docx,mt-picasso-us-east,1350031489005384041/1350031492593686915/DOCUMENT21020320385001782361/1611895909767CreativeProjectPresentationTemplate.docx
mtdocs-eu-box-processed,1355015795544190479/doc.pdf,mt-picasso-us-east,1350031489005384041/1350031492593686915/DOCUMENT210203203850017878105/doc.pdf
mtgame-eu.mindtickle.com,1350031492593686915/1611895909767CreativeProjectPresentationTemplate.docx/imagified/out_{image_num}.png,mt-picasso-us-east,1350031489005384041/1350031492593686915/CATALOGUE210203203850017917165/out_{image_num}.png
mtgame-eu.mindtickle.com,1350031492593686915/user/4d6c2122f603e54d/1611910384253_4d6c2122f603e54d_UNION_mappingdocx.docx,mt-picasso-us-east,1350031489005384041/1350031492593686915/DOCUMENT210203203850018164308/1611910384253_4d6c2122f603e54d_UNION_mappingdocx.docx
mtdocs-eu-box-processed,1355076501908129582/doc.pdf,mt-picasso-us-east,1350031489005384041/1350031492593686915/DOCUMENT210203203850018214203/doc.pdf
mtgame-eu.mindtickle.com,1350031492593686915/user/4d6c2122f603e54d/1611910384253_4d6c2122f603e54d_UNION_mappingdocx.docx/imagified/out_{image_num}.png,mt-picasso-us-east,1350031489005384041/1350031492593686915/CATALOGUE210203203850018251381/out_{image_num}.png
mtgame-eu.mindtickle.com,1350031492593686915/user/4d6c2122f603e54d/1611910450170_4d6c2122f603e54d_SampleDOCFile_500kbdoc.doc,mt-picasso-us-east,1350031489005384041/1350031492593686915/DOCUMENT210203203850018430119/1611910450170_4d6c2122f603e54d_SampleDOCFile_500kbdoc.doc
mtdocs-eu-box-processed,1355076797249927331/doc.pdf,mt-picasso-us-east,1350031489005384041/1350031492593686915/DOCUMENT210203203850018477255/doc.pdf
mtgame-eu.mindtickle.com,1350031492593686915/user/4d6c2122f603e54d/1611910450170_4d6c2122f603e54d_SampleDOCFile_500kbdoc.doc/imagified/out_{image_num}.png,mt-picasso-us-east,1350031489005384041/1350031492593686915/CATALOGUE210203203850018514340/out_{image_num}.png
mtgame-eu.mindtickle.com,1350031492593686915/user/4d6c211fded8b6b8/1611911860587_4d6c211fded8b6b8_filesample_1MBdocx.docx,mt-picasso-us-east,1350031489005384041/1350031492593686915/DOCUMENT2102032038500186900/1611911860587_4d6c211fded8b6b8_filesample_1MBdocx.docx
mtdocs-eu-box-processed,1355082717805790525/doc.pdf,mt-picasso-us-east,1350031489005384041/1350031492593686915/DOCUMENT210203203850018737283/doc.pdf
mtgame-eu.mindtickle.com,1350031492593686915/user/4d6c211fded8b6b8/1611911860587_4d6c211fded8b6b8_filesample_1MBdocx.docx/imagified/out_{image_num}.png,mt-picasso-us-east,1350031489005384041/1350031492593686915/CATALOGUE210203203850018774289/out_{image_num}.png
mtgame-eu.mindtickle.com,1350031492593686915/1612154488270filesample_1MB.docx,mt-picasso-us-east,1350031489005384041/1350031492593686915/DOCUMENT21020320385001895421/1612154488270filesample_1MB.docx
mtdocs-eu-box-processed,1356100363682948186/doc.pdf,mt-picasso-us-east,1350031489005384041/1350031492593686915/DOCUMENT210203203850018999198/doc.pdf
mtgame-eu.mindtickle.com,1350031492593686915/1612154488270filesample_1MB.docx/imagified/out_{image_num}.png,mt-picasso-us-east,1350031489005384041/1350031492593686915/CATALOGUE21020320385001903587/out_{image_num}.png
mtgame-eu.mindtickle.com,1350031492593686915/1611750491391Coaching_Picasso_AudioText.pdf,mt-picasso-us-east,1350031489005384041/1350031492593686915/DOCUMENT210203203850019262472/1611750491391Coaching_Picasso_AudioText.pdf
mtdocs-eu-box-processed,1354405863157828621/doc.pdf,mt-picasso-us-east,1350031489005384041/1350031492593686915/DOCUMENT210203203850019310506/doc.pdf
mtgame-eu.mindtickle.com,1350031492593686915/1611750491391Coaching_Picasso_AudioText.pdf/imagified/out_{image_num}.png,mt-picasso-us-east,1350031489005384041/1350031492593686915/CATALOGUE21020320385001934641/out_{image_num}.png
mtgame-eu.mindtickle.com,1350031492593686915/1611894144529fileexample_PDF_1MB.pdf,mt-picasso-us-east,1350031489005384041/1350031492593686915/DOCUMENT210203203850019627202/1611894144529fileexample_PDF_1MB.pdf
mtdocs-eu-box-processed,1355008404420690582/doc.pdf,mt-picasso-us-east,1350031489005384041/1350031492593686915/DOCUMENT210203203850019688159/doc.pdf
mtgame-eu.mindtickle.com,1350031492593686915/1611894144529fileexample_PDF_1MB.pdf/imagified/out_{image_num}.png,mt-picasso-us-east,1350031489005384041/1350031492593686915/CATALOGUE210203203850019728432/out_{image_num}.png
mtgame-eu.mindtickle.com,1350031492593686915/1611895526533fileexample_PDF_1MB.pdf,mt-picasso-us-east,1350031489005384041/1350031492593686915/DOCUMENT210203203850688986369/1611895526533fileexample_PDF_1MB.pdf
mtdocs-eu-box-processed,1355014200606173842/doc.pdf,mt-picasso-us-east,1350031489005384041/1350031492593686915/DOCUMENT210203203850689064511/doc.pdf
mtgame-eu.mindtickle.com,1350031492593686915/1611895526533fileexample_PDF_1MB.pdf/imagified/out_{image_num}.png,mt-picasso-us-east,1350031489005384041/1350031492593686915/CATALOGUE210203203850689105229/out_{image_num}.png
mtgame-eu.mindtickle.com,1350031492593686915/1611897419745fileexample_PDF_1MB.pdf,mt-picasso-us-east,1350031489005384041/1350031492593686915/DOCUMENT21020320385068933383/1611897419745fileexample_PDF_1MB.pdf
mtdocs-eu-box-processed,1355022139851583646/doc.pdf,mt-picasso-us-east,1350031489005384041/1350031492593686915/DOCUMENT210203203850689425412/doc.pdf
mtgame-eu.mindtickle.com,1350031492593686915/1611897419745fileexample_PDF_1MB.pdf/imagified/out_{image_num}.png,mt-picasso-us-east,1350031489005384041/1350031492593686915/CATALOGUE210203203850689468103/out_{image_num}.png
mtgame-eu.mindtickle.com,1350031492593686915/user/4d6c211f404eec9b/1611905934439_4d6c211f404eec9b_Coaching_Picasso_AudioTextpdf.pdf,mt-picasso-us-east,1350031489005384041/1350031492593686915/DOCUMENT210203203850689680421/1611905934439_4d6c211f404eec9b_Coaching_Picasso_AudioTextpdf.pdf
mtdocs-eu-box-processed,1355057837227101175/doc.pdf,mt-picasso-us-east,1350031489005384041/1350031492593686915/DOCUMENT210203203850689731181/doc.pdf
mtgame-eu.mindtickle.com,1350031492593686915/user/4d6c211f404eec9b/1611905934439_4d6c211f404eec9b_Coaching_Picasso_AudioTextpdf.pdf/imagified/out_{image_num}.png,mt-picasso-us-east,1350031489005384041/1350031492593686915/CATALOGUE21020320385068977039/out_{image_num}.png
mtgame-eu.mindtickle.com,1350031492593686915/user/4d6c211f621dfafd/1611908923932_4d6c211f621dfafd_Coaching_Picasso_AudioTextpdf.pdf,mt-picasso-us-east,1350031489005384041/1350031492593686915/DOCUMENT210203203850689998424/1611908923932_4d6c211f621dfafd_Coaching_Picasso_AudioTextpdf.pdf
mtdocs-eu-box-processed,1355070375362230714/doc.pdf,mt-picasso-us-east,1350031489005384041/1350031492593686915/DOCUMENT210203203850690048325/doc.pdf
mtgame-eu.mindtickle.com,1350031492593686915/user/4d6c211f621dfafd/1611908923932_4d6c211f621dfafd_Coaching_Picasso_AudioTextpdf.pdf/imagified/out_{image_num}.png,mt-picasso-us-east,1350031489005384041/1350031492593686915/CATALOGUE21020320385069008584/out_{image_num}.png
mtgame-eu.mindtickle.com,1350031492593686915/user/4d6c2122f603e54d/1611910233336_4d6c2122f603e54d_Coaching_Picasso_AudioTextpdf.pdf,mt-picasso-us-east,1350031489005384041/1350031492593686915/DOCUMENT210203203850690267138/1611910233336_4d6c2122f603e54d_Coaching_Picasso_AudioTextpdf.pdf
mtdocs-eu-box-processed,1355075866398828172/doc.pdf,mt-picasso-us-east,1350031489005384041/1350031492593686915/DOCUMENT210203203850690315305/doc.pdf
mtgame-eu.mindtickle.com,1350031492593686915/user/4d6c2122f603e54d/1611910233336_4d6c2122f603e54d_Coaching_Picasso_AudioTextpdf.pdf/imagified/out_{image_num}.png,mt-picasso-us-east,1350031489005384041/1350031492593686915/CATALOGUE210203203850690352124/out_{image_num}.png
mtgame-eu.mindtickle.com,1350031492593686915/user/4d6c2122f603e54d/1611911089485_4d6c2122f603e54d_Coaching_Picasso_AudioTextpdf.pdf,mt-picasso-us-east,1350031489005384041/1350031492593686915/DOCUMENT210203203850690531491/1611911089485_4d6c2122f603e54d_Coaching_Picasso_AudioTextpdf.pdf
mtdocs-eu-box-processed,1355079457802794615/doc.pdf,mt-picasso-us-east,1350031489005384041/1350031492593686915/DOCUMENT210203203850690578232/doc.pdf
mtgame-eu.mindtickle.com,1350031492593686915/user/4d6c2122f603e54d/1611911089485_4d6c2122f603e54d_Coaching_Picasso_AudioTextpdf.pdf/imagified/out_{image_num}.png,mt-picasso-us-east,1350031489005384041/1350031492593686915/CATALOGUE21020320385069061414/out_{image_num}.png
mtgame-eu.mindtickle.com,1350031492593686915/user/4d6c211fbe31f3d4/1611911295908_4d6c211fbe31f3d4_Coaching_Picasso_AudioTextpdf.pdf,mt-picasso-us-east,1350031489005384041/1350031492593686915/DOCUMENT210203203850690789104/1611911295908_4d6c211fbe31f3d4_Coaching_Picasso_AudioTextpdf.pdf
mtdocs-eu-box-processed,1355080323649876945/doc.pdf,mt-picasso-us-east,1350031489005384041/1350031492593686915/DOCUMENT210203203850690838428/doc.pdf
mtgame-eu.mindtickle.com,1350031492593686915/user/4d6c211fbe31f3d4/1611911295908_4d6c211fbe31f3d4_Coaching_Picasso_AudioTextpdf.pdf/imagified/out_{image_num}.png,mt-picasso-us-east,1350031489005384041/1350031492593686915/CATALOGUE210203203850690875362/out_{image_num}.png
mtgame-eu.mindtickle.com,1350031492593686915/1611913682083Coaching_Picasso_AudioText.pdf,mt-picasso-us-east,1350031489005384041/1350031492593686915/DOCUMENT210203203850691050420/1611913682083Coaching_Picasso_AudioText.pdf
mtdocs-eu-box-processed,1355090334500607646/doc.pdf,mt-picasso-us-east,1350031489005384041/1350031492593686915/DOCUMENT210203203850691095127/doc.pdf
mtgame-eu.mindtickle.com,1350031492593686915/1611913682083Coaching_Picasso_AudioText.pdf/imagified/out_{image_num}.png,mt-picasso-us-east,1350031489005384041/1350031492593686915/CATALOGUE210203203850691131422/out_{image_num}.png
mtgame-eu.mindtickle.com,1350031492593686915/1612249540747816.ppt,mt-picasso-us-east,1350031489005384041/1350031492593686915/DOCUMENT210203203850691302209/1612249540747816.ppt
mtdocs-eu-box-processed,1356499031987157726/doc.pdf,mt-picasso-us-east,1350031489005384041/1350031492593686915/DOCUMENT210203203850691347463/doc.pdf
mtgame-eu.mindtickle.com,1350031492593686915/1612249540747816.ppt/imagified/out_{image_num}.png,mt-picasso-us-east,1350031489005384041/1350031492593686915/CATALOGUE210203203850691383317/out_{image_num}.png
mtgame-eu.mindtickle.com,1350031492593686915/1612333866029WLNPodcastTemplate_16x91.pptx,mt-picasso-us-east,1350031489005384041/1350031492593686915/DOCUMENT210203203850691556409/1612333866029WLNPodcastTemplate_16x91.pptx
mtdocs-eu-box-processed,1356852727876854815/doc.pdf,mt-picasso-us-east,1350031489005384041/1350031492593686915/DOCUMENT210203203850691602258/doc.pdf
mtgame-eu.mindtickle.com,1350031492593686915/1612333866029WLNPodcastTemplate_16x91.pptx/imagified/out_{image_num}.png,mt-picasso-us-east,1350031489005384041/1350031492593686915/CATALOGUE210203203850691638396/out_{image_num}.png
mtgame-eu.mindtickle.com,1350031492593686915/1612334597211WLNPodcastTemplate_16x91.pptx,mt-picasso-us-east,1350031489005384041/1350031492593686915/DOCUMENT21020320385099586212/1612334597211WLNPodcastTemplate_16x91.pptx
mtdocs-eu-box-processed,1356855798449801105/doc.pdf,mt-picasso-us-east,1350031489005384041/1350031492593686915/DOCUMENT21020320385099595573/doc.pdf
mtgame-eu.mindtickle.com,1350031492593686915/1612334597211WLNPodcastTemplate_16x91.pptx/imagified/out_{image_num}.png,mt-picasso-us-east,1350031489005384041/1350031492593686915/CATALOGUE210203203850996005427/out_{image_num}.png
