mtgame-cdn.mindtickle.com,1361642392611509413/1613982980853samplepptx1234567890_234567893456789dfghjkretyuiotyuioftyuiortyuirtyui_1234567890QWERTYU.pptx/imagified/out_{image_num}.png,mt-picasso-asia-singapore,1361642388695181174/1361642392611509413/CATALOGUE210223095107710777285/out_{image_num}.png
mtdocs-box-processed,1361711770623656664/doc.pdf,mt-picasso-asia-singapore,1361642388695181174/1361642392611509413/DOCUMENT210223095107710461502/doc.pdf
mtdocs-box-processed,1361650324392887100/doc.pdf,mt-picasso-asia-singapore,1361642388695181174/1361642392611509413/DOCUMENT210223095106844169148/doc.pdf
mtdocs-box-processed,1361650367602887524/doc.pdf,mt-picasso-asia-singapore,1361642388695181174/1361642392611509413/DOCUMENT210223095106844563496/doc.pdf
mtstreaming-cdn.mindtickle.com,1361642392611509413/1613492863390AudioSample1234.m4a/mp3/1.mp3,mt-picasso-asia-singapore,1361642388695181174/1361642392611509413/AUDIO21022309510880633136/1.mp3
mtgame-cdn.mindtickle.com,1361642392611509413/1613492863390AudioSample1234.m4a,mt-picasso-asia-singapore,1361642388695181174/1361642392611509413/AUDIO210223095108806276155/1613492863390AudioSample1234.m4a
mtstreaming-cdn.mindtickle.com,1361642392611509413/1613554551900g0fvpqxeze.aac/mp3/1.mp3,mt-picasso-asia-singapore,1361642388695181174/1361642392611509413/AUDIO210223095108806566153/1.mp3
mtgame-cdn.mindtickle.com,1361642392611509413/1613983218788SamplePPTFile500kb.ppt,mt-picasso-asia-singapore,1361642388695181174/1361642392611509413/DOCUMENT210223095107710971210/1613983218788SamplePPTFile500kb.ppt
mtstreaming-cdn.mindtickle.com,1361642392611509413/1613492597510file_example_OOG_1MG.ogg/mp3/1.mp3,mt-picasso-asia-singapore,1361642388695181174/1361642392611509413/AUDIO210223095108806084292/1.mp3
mtstreaming-cdn.mindtickle.com,1361642392611509413/1613979634111file_example_WAV_1MG.wav/mp3/1.mp3,mt-picasso-asia-singapore,1361642388695181174/1361642392611509413/AUDIO210223095108806799108/1.mp3
mtgame-cdn.mindtickle.com,1361642392611509413/1613477708835SampleXLSFile_19kb.xls,mt-picasso-asia-singapore,1361642388695181174/1361642392611509413/DOCUMENT210223095106844043207/1613477708835SampleXLSFile_19kb.xls
mtgame-cdn.mindtickle.com,1361642392611509413/1613477719297file_example_XLSX_10.xlsx,mt-picasso-asia-singapore,1361642388695181174/1361642392611509413/DOCUMENT21022309510684451478/1613477719297file_example_XLSX_10.xlsx
mtgame-cdn.mindtickle.com,1361642392611509413/1613982980853samplepptx1234567890_234567893456789dfghjkretyuiotyuioftyuiortyuirtyui_1234567890QWERTYU.pptx,mt-picasso-asia-singapore,1361642388695181174/1361642392611509413/DOCUMENT210223095107710687462/1613982980853samplepptx1234567890_234567893456789dfghjkretyuiotyuioftyuiortyuirtyui_1234567890QWERTYU.pptx
mtgame-cdn.mindtickle.com,1361642392611509413/1613492354841SamplePPTFile_500kb.ppt/imagified/out_{image_num}.png,mt-picasso-asia-singapore,1361642388695181174/1361642392611509413/CATALOGUE210223095107710499116/out_{image_num}.png
mtgame-cdn.mindtickle.com,1361642392611509413/1613477708835SampleXLSFile_19kb.xls/imagified/out_{image_num}.png,mt-picasso-asia-singapore,1361642388695181174/1361642392611509413/CATALOGUE210223095106844210235/out_{image_num}.png
mtdocs-box-processed,1363770581128862837/doc.pdf,mt-picasso-asia-singapore,1361642388695181174/1361642392611509413/DOCUMENT210223095107711020489/doc.pdf
mtgame-cdn.mindtickle.com,1361642392611509413/1613983218788SamplePPTFile500kb.ppt/imagified/out_{image_num}.png,mt-picasso-asia-singapore,1361642388695181174/1361642392611509413/CATALOGUE21022309510771105857/out_{image_num}.png
mtgame-cdn.mindtickle.com,1361642392611509413/1613479422839SampleXLSFile_38kb.xls,mt-picasso-asia-singapore,1361642388695181174/1361642392611509413/DOCUMENT21022309510684476890/1613479422839SampleXLSFile_38kb.xls
mtgame-cdn.mindtickle.com,1361642392611509413/1613980786249AudioSample1234.m4a,mt-picasso-asia-singapore,1361642388695181174/1361642392611509413/AUDIO210223095109021239283/1613980786249AudioSample1234.m4a
mtgame-cdn.mindtickle.com,1361642392611509413/1613477719297file_example_XLSX_10.xlsx/imagified/out_{image_num}.png,mt-picasso-asia-singapore,1361642388695181174/1361642392611509413/CATALOGUE210223095106844597142/out_{image_num}.png
mtgame-cdn.mindtickle.com,1361642392611509413/1613477653871filesample_1MB.docx,mt-picasso-asia-singapore,1361642388695181174/1361642392611509413/DOCUMENT210223095107711307217/1613477653871filesample_1MB.docx
mtstreaming-cdn.mindtickle.com,1361642392611509413/1613986272839file_example_MP3_700KB.mp3/mp3/1.mp3,mt-picasso-asia-singapore,1361642388695181174/1361642392611509413/AUDIO210223095109021664362/1.mp3
mtdocs-box-processed,1361657515942231742/doc.pdf,mt-picasso-asia-singapore,1361642388695181174/1361642392611509413/DOCUMENT2102230951068448123/doc.pdf
mtgame-cdn.mindtickle.com,1361642392611509413/1613986297851file_example_OOG_1MG.ogg,mt-picasso-asia-singapore,1361642388695181174/1361642392611509413/AUDIO210223095109021828299/1613986297851file_example_OOG_1MG.ogg
mtdocs-box-processed,1361650115024412459/doc.pdf,mt-picasso-asia-singapore,1361642388695181174/1361642392611509413/DOCUMENT210223095107711356506/doc.pdf
mtgame-cdn.mindtickle.com,1361642392611509413/1613986272839file_example_MP3_700KB.mp3,mt-picasso-asia-singapore,1361642388695181174/1361642392611509413/AUDIO210223095109021613450/1613986272839file_example_MP3_700KB.mp3
mtgame-cdn.mindtickle.com,1361642392611509413/1613479429779SampleXLSFile_19kb.xls,mt-picasso-asia-singapore,1361642388695181174/1361642392611509413/DOCUMENT210223095106845009227/1613479429779SampleXLSFile_19kb.xls
mtgame-cdn.mindtickle.com,1361642392611509413/1613477653871filesample_1MB.docx/imagified/out_{image_num}.png,mt-picasso-asia-singapore,1361642388695181174/1361642392611509413/CATALOGUE21022309510771139517/out_{image_num}.png
mtstreaming-cdn.mindtickle.com,1361642392611509413/1613980786249AudioSample1234.m4a/mp3/1.mp3,mt-picasso-asia-singapore,1361642388695181174/1361642392611509413/AUDIO210223095109021321179/1.mp3
mtgame-cdn.mindtickle.com,1361642392611509413/1613479422839SampleXLSFile_38kb.xls/imagified/out_{image_num}.png,mt-picasso-asia-singapore,1361642388695181174/1361642392611509413/CATALOGUE210223095106844846278/out_{image_num}.png
mtgame-cdn.mindtickle.com,1361642392611509413/1613477818827SampleDOCFile_200kb.doc,mt-picasso-asia-singapore,1361642388695181174/1361642392611509413/DOCUMENT210223095107711581183/1613477818827SampleDOCFile_200kb.doc
mtdocs-box-processed,1361650797583185676/doc.pdf,mt-picasso-asia-singapore,1361642388695181174/1361642392611509413/DOCUMENT210223095107711629260/doc.pdf
mtdocs-box-processed,1361657541187415348/doc.pdf,mt-picasso-asia-singapore,1361642388695181174/1361642392611509413/DOCUMENT210223095106845051172/doc.pdf
mtstreaming-cdn.mindtickle.com,1361642392611509413/1613986297851file_example_OOG_1MG.ogg/mp3/1.mp3,mt-picasso-asia-singapore,1361642388695181174/1361642392611509413/AUDIO21022309510902187652/1.mp3
mtgame-cdn.mindtickle.com,1361642392611509413/1613478653428Thequickbrownfoxjumpsoverthelazydogforfood_12.doc,mt-picasso-asia-singapore,1361642388695181174/1361642392611509413/DOCUMENT210223095107711853101/1613478653428Thequickbrownfoxjumpsoverthelazydogforfood_12.doc
mtgame-cdn.mindtickle.com,1361642392611509413/1613479609193file_example_XLSX_100.xlsx,mt-picasso-asia-singapore,1361642388695181174/1361642392611509413/DOCUMENT210223095106845246438/1613479609193file_example_XLSX_100.xlsx
mtdocs-box-processed,1361658296049432755/doc.pdf,mt-picasso-asia-singapore,1361642388695181174/1361642392611509413/DOCUMENT210223095106845287343/doc.pdf
mtdocs-box-processed,1361654286036124792/doc.pdf,mt-picasso-asia-singapore,1361642388695181174/1361642392611509413/DOCUMENT210223095107711903269/doc.pdf
mtgame-cdn.mindtickle.com,1361642392611509413/1613479429779SampleXLSFile_19kb.xls/imagified/out_{image_num}.png,mt-picasso-asia-singapore,1361642388695181174/1361642392611509413/CATALOGUE210223095106845084191/out_{image_num}.png
mtgame-cdn.mindtickle.com,1361642392611509413/1613479609193file_example_XLSX_100.xlsx/imagified/out_{image_num}.png,mt-picasso-asia-singapore,1361642388695181174/1361642392611509413/CATALOGUE210223095106845320456/out_{image_num}.png
mtgame-cdn.mindtickle.com,1361642392611509413/1613477818827SampleDOCFile_200kb.doc/imagified/out_{image_num}.png,mt-picasso-asia-singapore,1361642388695181174/1361642392611509413/CATALOGUE210223095107711668442/out_{image_num}.png
mtgame-cdn.mindtickle.com,1361642392611509413/1613479614427file_example_XLSX_10.xlsx,mt-picasso-asia-singapore,1361642388695181174/1361642392611509413/DOCUMENT210223095106845482457/1613479614427file_example_XLSX_10.xlsx
mtgame-cdn.mindtickle.com,1361642392611509413/1613478660097Thequickbrownfoxjumpsoverthelazydogforfood_12.doc,mt-picasso-asia-singapore,1361642388695181174/1361642392611509413/DOCUMENT210223095107712165482/1613478660097Thequickbrownfoxjumpsoverthelazydogforfood_12.doc
mtdocs-box-processed,1361658314977567675/doc.pdf,mt-picasso-asia-singapore,1361642388695181174/1361642392611509413/DOCUMENT210223095106845524395/doc.pdf
mtdocs-box-processed,1361654313011749719/doc.pdf,mt-picasso-asia-singapore,1361642388695181174/1361642392611509413/DOCUMENT210223095107712249347/doc.pdf
mtgame-cdn.mindtickle.com,1361642392611509413/1613479614427file_example_XLSX_10.xlsx/imagified/out_{image_num}.png,mt-picasso-asia-singapore,1361642388695181174/1361642392611509413/CATALOGUE210223095106845556304/out_{image_num}.png
mtgame-cdn.mindtickle.com,1361642392611509413/1613478653428Thequickbrownfoxjumpsoverthelazydogforfood_12.doc/imagified/out_{image_num}.png,mt-picasso-asia-singapore,1361642388695181174/1361642392611509413/CATALOGUE210223095107711941222/out_{image_num}.png
mtgame-cdn.mindtickle.com,1361642392611509413/1613479669679SampleXLSFile_19kb.xls,mt-picasso-asia-singapore,1361642388695181174/1361642392611509413/DOCUMENT210223095106845726441/1613479669679SampleXLSFile_19kb.xls
mtdocs-box-processed,1361658548353998991/doc.pdf,mt-picasso-asia-singapore,1361642388695181174/1361642392611509413/DOCUMENT21022309510684576849/doc.pdf
mtgame-cdn.mindtickle.com,1361642392611509413/1613478660097Thequickbrownfoxjumpsoverthelazydogforfood_12.doc/imagified/out_{image_num}.png,mt-picasso-asia-singapore,1361642388695181174/1361642392611509413/CATALOGUE210223095107712293477/out_{image_num}.png
mtgame-cdn.mindtickle.com,1361642392611509413/1613478699370filesample_100kB.docx,mt-picasso-asia-singapore,1361642388695181174/1361642392611509413/DOCUMENT210223095107951039179/1613478699370filesample_100kB.docx
mtdocs-box-processed,1361654481385202135/doc.pdf,mt-picasso-asia-singapore,1361642388695181174/1361642392611509413/DOCUMENT210223095107951105188/doc.pdf
mtgame-cdn.mindtickle.com,1361642392611509413/1613491012002SampleXLSFile_1736kb.xls,mt-picasso-asia-singapore,1361642388695181174/1361642392611509413/DOCUMENT210223095106845965415/1613491012002SampleXLSFile_1736kb.xls
mtgame-cdn.mindtickle.com,1361642392611509413/1613478699370filesample_100kB.docx/imagified/out_{image_num}.png,mt-picasso-asia-singapore,1361642388695181174/1361642392611509413/CATALOGUE210223095107951140225/out_{image_num}.png
mtgame-cdn.mindtickle.com,1361642392611509413/1613478705359filesample_100kB.docx,mt-picasso-asia-singapore,1361642388695181174/1361642392611509413/DOCUMENT210223095107951334480/1613478705359filesample_100kB.docx
mtgame-cdn.mindtickle.com,1361642392611509413/1613491022466SampleXLSFile_212kb.xls,mt-picasso-asia-singapore,1361642388695181174/1361642392611509413/DOCUMENT210223095106846929350/1613491022466SampleXLSFile_212kb.xls
mtdocs-box-processed,1361706146435069306/doc.pdf,mt-picasso-asia-singapore,1361642388695181174/1361642392611509413/DOCUMENT210223095106846006116/doc.pdf
mtgame-cdn.mindtickle.com,1361642392611509413/1613479669679SampleXLSFile_19kb.xls/imagified/out_{image_num}.png,mt-picasso-asia-singapore,1361642388695181174/1361642392611509413/CATALOGUE210223095106845801137/out_{image_num}.png
mtdocs-box-processed,1361654502823968348/doc.pdf,mt-picasso-asia-singapore,1361642388695181174/1361642392611509413/DOCUMENT210223095107951377291/doc.pdf
mtgame-cdn.mindtickle.com,1361642392611509413/1613478705359filesample_100kB.docx/imagified/out_{image_num}.png,mt-picasso-asia-singapore,1361642388695181174/1361642392611509413/CATALOGUE210223095107951408204/out_{image_num}.png
mtgame-cdn.mindtickle.com,1361642392611509413/1613479720581filesample_100kB.docx,mt-picasso-asia-singapore,1361642388695181174/1361642392611509413/DOCUMENT210223095107951567128/1613479720581filesample_100kB.docx
mtdocs-box-processed,1361706165064748996/doc.pdf,mt-picasso-asia-singapore,1361642388695181174/1361642392611509413/DOCUMENT210223095106847007372/doc.pdf
mtdocs-box-processed,1361658765735624601/doc.pdf,mt-picasso-asia-singapore,1361642388695181174/1361642392611509413/DOCUMENT210223095107951607171/doc.pdf
mtgame-cdn.mindtickle.com,1361642392611509413/1613479720581filesample_100kB.docx/imagified/out_{image_num}.png,mt-picasso-asia-singapore,1361642388695181174/1361642392611509413/CATALOGUE210223095107951638275/out_{image_num}.png
mtdocs-box-processed,1361707467135051596/doc.pdf,mt-picasso-asia-singapore,1361642388695181174/1361642392611509413/DOCUMENT210223095106847296142/doc.pdf
mtgame-cdn.mindtickle.com,1361642392611509413/1613491332855SampleXLSFile_19kb.xls,mt-picasso-asia-singapore,1361642388695181174/1361642392611509413/DOCUMENT210223095106847251103/1613491332855SampleXLSFile_19kb.xls
mtgame-cdn.mindtickle.com,1361642392611509413/1613480368577sample1.docx,mt-picasso-asia-singapore,1361642388695181174/1361642392611509413/DOCUMENT210223095107951791127/1613480368577sample1.docx
mtdocs-box-processed,1361661474720745061/doc.pdf,mt-picasso-asia-singapore,1361642388695181174/1361642392611509413/DOCUMENT210223095107951830314/doc.pdf
mtgame-cdn.mindtickle.com,1361642392611509413/1613480368577sample1.docx/imagified/out_{image_num}.png,mt-picasso-asia-singapore,1361642388695181174/1361642392611509413/CATALOGUE210223095107951861393/out_{image_num}.png
mtgame-cdn.mindtickle.com,1361642392611509413/1613480396872sample1.docx,mt-picasso-asia-singapore,1361642388695181174/1361642392611509413/DOCUMENT21022309510795201196/1613480396872sample1.docx
mtgame-cdn.mindtickle.com,1361642392611509413/1613491332855SampleXLSFile_19kb.xls/imagified/out_{image_num}.png,mt-picasso-asia-singapore,1361642388695181174/1361642392611509413/CATALOGUE21022309510684733071/out_{image_num}.png
mtdocs-box-processed,1361661593193138250/doc.pdf,mt-picasso-asia-singapore,1361642388695181174/1361642392611509413/DOCUMENT210223095107952050436/doc.pdf
mtdocs-box-processed,1363770888324797172/doc.pdf,mt-picasso-asia-singapore,1361642388695181174/1361642392611509413/DOCUMENT210223095107171512388/doc.pdf
mtgame-cdn.mindtickle.com,1361642392611509413/1613983290478SampleXLSFile_38kb.xls,mt-picasso-asia-singapore,1361642388695181174/1361642392611509413/DOCUMENT21022309510717139015/1613983290478SampleXLSFile_38kb.xls
mtgame-cdn.mindtickle.com,1361642392611509413/1613480396872sample1.docx/imagified/out_{image_num}.png,mt-picasso-asia-singapore,1361642388695181174/1361642392611509413/CATALOGUE210223095107952082341/out_{image_num}.png
mtgame-cdn.mindtickle.com,1361642392611509413/1613480411615sample1.docx,mt-picasso-asia-singapore,1361642388695181174/1361642392611509413/DOCUMENT210223095107952232120/1613480411615sample1.docx
mtgame-cdn.mindtickle.com,1361642392611509413/1613491022466SampleXLSFile_212kb.xls/imagified/out_{image_num}.png,mt-picasso-asia-singapore,1361642388695181174/1361642392611509413/CATALOGUE210223095106847044165/out_{image_num}.png
mtdocs-box-processed,1361661655210827152/doc.pdf,mt-picasso-asia-singapore,1361642388695181174/1361642392611509413/DOCUMENT210223095107952271287/doc.pdf
mtgame-cdn.mindtickle.com,1361642392611509413/1613983290478SampleXLSFile_38kb.xls/imagified/out_{image_num}.png,mt-picasso-asia-singapore,1361642388695181174/1361642392611509413/CATALOGUE210223095107171555475/out_{image_num}.png
mtdocs-box-processed,1361650152820385087/doc.pdf,mt-picasso-asia-singapore,1361642388695181174/1361642392611509413/DOCUMENT21022309510717183915/doc.pdf
mtgame-cdn.mindtickle.com,1361642392611509413/1613982653559Thequickbrownfoxjumpsoverthelazydogforfood_12.doc,mt-picasso-asia-singapore,1361642388695181174/1361642392611509413/DOCUMENT210223095107952499190/1613982653559Thequickbrownfoxjumpsoverthelazydogforfood_12.doc
mtgame-cdn.mindtickle.com,1361642392611509413/1613480411615sample1.docx/imagified/out_{image_num}.png,mt-picasso-asia-singapore,1361642388695181174/1361642392611509413/CATALOGUE210223095107952302271/out_{image_num}.png
mtdocs-box-processed,1363768220517132696/doc.pdf,mt-picasso-asia-singapore,1361642388695181174/1361642392611509413/DOCUMENT21022309510795256679/doc.pdf
mtgame-cdn.mindtickle.com,1361642392611509413/1613477667953sample.pdf/imagified/out_{image_num}.png,mt-picasso-asia-singapore,1361642388695181174/1361642392611509413/CATALOGUE210223095107171878227/out_{image_num}.png
mtgame-cdn.mindtickle.com,1361642392611509413/1613477667953sample.pdf,mt-picasso-asia-singapore,1361642388695181174/1361642392611509413/DOCUMENT210223095107171786354/1613477667953sample.pdf
mtgame-cdn.mindtickle.com,1361642392611509413/1613982653559Thequickbrownfoxjumpsoverthelazydogforfood_12.doc/imagified/out_{image_num}.png,mt-picasso-asia-singapore,1361642388695181174/1361642392611509413/CATALOGUE21022309510795261142/out_{image_num}.png
mtgame-cdn.mindtickle.com,1361642392611509413/1613477460134file_example_WAV_1MG.wav,mt-picasso-asia-singapore,1361642388695181174/1361642392611509413/AUDIO210223095107952896180/1613477460134file_example_WAV_1MG.wav
mtdocs-box-processed,1361654585507183964/doc.pdf,mt-picasso-asia-singapore,1361642388695181174/1361642392611509413/DOCUMENT210223095107172126408/doc.pdf
mtstreaming-cdn.mindtickle.com,1361642392611509413/1613477460134file_example_WAV_1MG.wav/mp3/1.mp3,mt-picasso-asia-singapore,1361642388695181174/1361642392611509413/AUDIO210223095107952955198/1.mp3
mtgame-cdn.mindtickle.com,1361642392611509413/1613478724716xlsdemo2.pdf,mt-picasso-asia-singapore,1361642388695181174/1361642392611509413/DOCUMENT210223095107172077321/1613478724716xlsdemo2.pdf
mtgame-cdn.mindtickle.com,1361642392611509413/1613477505032g0fvpqxeze.aac,mt-picasso-asia-singapore,1361642388695181174/1361642392611509413/AUDIO210223095107953139474/1613477505032g0fvpqxeze.aac
mtstreaming-cdn.mindtickle.com,1361642392611509413/1613477505032g0fvpqxeze.aac/mp3/1.mp3,mt-picasso-asia-singapore,1361642388695181174/1361642392611509413/AUDIO210223095107953184238/1.mp3
mtgame-cdn.mindtickle.com,1361642392611509413/1613478724716xlsdemo2.pdf/imagified/out_{image_num}.png,mt-picasso-asia-singapore,1361642388695181174/1361642392611509413/CATALOGUE210223095107172164367/out_{image_num}.png
mtgame-cdn.mindtickle.com,1361642392611509413/1613478731816xlsdemo2.pdf,mt-picasso-asia-singapore,1361642388695181174/1361642392611509413/DOCUMENT2102230951071723473/1613478731816xlsdemo2.pdf
mtgame-cdn.mindtickle.com,1361642392611509413/1613477516034AudioSample1234.m4a,mt-picasso-asia-singapore,1361642388695181174/1361642392611509413/AUDIO210223095107953332259/1613477516034AudioSample1234.m4a
mtstreaming-cdn.mindtickle.com,1361642392611509413/1613477516034AudioSample1234.m4a/mp3/1.mp3,mt-picasso-asia-singapore,1361642388695181174/1361642392611509413/AUDIO210223095107953376189/1.mp3
mtdocs-box-processed,1361654614781176186/doc.pdf,mt-picasso-asia-singapore,1361642388695181174/1361642392611509413/DOCUMENT210223095107172394429/doc.pdf
mtgame-cdn.mindtickle.com,1361642392611509413/1613477526514file_example_MP3_1MG.mp3,mt-picasso-asia-singapore,1361642388695181174/1361642392611509413/AUDIO210223095108271739341/1613477526514file_example_MP3_1MG.mp3
mtstreaming-cdn.mindtickle.com,1361642392611509413/1613477526514file_example_MP3_1MG.mp3/mp3/1.mp3,mt-picasso-asia-singapore,1361642388695181174/1361642392611509413/AUDIO21022309510827181549/1.mp3
mtgame-cdn.mindtickle.com,1361642392611509413/1613478731816xlsdemo2.pdf/imagified/out_{image_num}.png,mt-picasso-asia-singapore,1361642388695181174/1361642392611509413/CATALOGUE21022309510717243386/out_{image_num}.png
mtgame-cdn.mindtickle.com,1361642392611509413/1613477545374SampleAudio_0.4mb.mp3,mt-picasso-asia-singapore,1361642388695181174/1361642392611509413/AUDIO210223095108272016106/1613477545374SampleAudio_0.4mb.mp3
mtstreaming-cdn.mindtickle.com,1361642392611509413/1613477545374SampleAudio_0.4mb.mp3/mp3/1.mp3,mt-picasso-asia-singapore,1361642388695181174/1361642392611509413/AUDIO210223095108272067117/1.mp3
mtgame-cdn.mindtickle.com,1361642392611509413/1613477562676file_example_WAV_1MG.oga,mt-picasso-asia-singapore,1361642388695181174/1361642392611509413/AUDIO21022309510827223686/1613477562676file_example_WAV_1MG.oga
mtgame-cdn.mindtickle.com,1361642392611509413/1613480186392linksinner.pdf,mt-picasso-asia-singapore,1361642388695181174/1361642392611509413/DOCUMENT210223095107172671117/1613480186392linksinner.pdf
mtdocs-box-processed,1361660710373045088/doc.pdf,mt-picasso-asia-singapore,1361642388695181174/1361642392611509413/DOCUMENT21022309510717272232/doc.pdf
mtstreaming-cdn.mindtickle.com,1361642392611509413/1613477562676file_example_WAV_1MG.oga/mp3/1.mp3,mt-picasso-asia-singapore,1361642388695181174/1361642392611509413/AUDIO210223095108272284429/1.mp3
mtgame-cdn.mindtickle.com,1361642392611509413/1613477574850file_example_OOG_1MG.ogg,mt-picasso-asia-singapore,1361642388695181174/1361642392611509413/AUDIO21022309510827244580/1613477574850file_example_OOG_1MG.ogg
mtstreaming-cdn.mindtickle.com,1361642392611509413/1613477574850file_example_OOG_1MG.ogg/mp3/1.mp3,mt-picasso-asia-singapore,1361642388695181174/1361642392611509413/AUDIO210223095108272493478/1.mp3
mtgame-cdn.mindtickle.com,1361642392611509413/1613480253926linksinner.pdf,mt-picasso-asia-singapore,1361642388695181174/1361642392611509413/DOCUMENT21022309510717295986/1613480253926linksinner.pdf
mtdocs-box-processed,1361660993799088679/doc.pdf,mt-picasso-asia-singapore,1361642388695181174/1361642392611509413/DOCUMENT21022309510717300548/doc.pdf
mtgame-cdn.mindtickle.com,1361642392611509413/1613478062403file_example_WAV_1MG.wav,mt-picasso-asia-singapore,1361642388695181174/1361642392611509413/AUDIO210223095108272649407/1613478062403file_example_WAV_1MG.wav
mtstreaming-cdn.mindtickle.com,1361642392611509413/1613478062403file_example_WAV_1MG.wav/mp3/1.mp3,mt-picasso-asia-singapore,1361642388695181174/1361642392611509413/AUDIO210223095108272695199/1.mp3
mtgame-cdn.mindtickle.com,1361642392611509413/1613478068113file_example_WAV_1MG.wav,mt-picasso-asia-singapore,1361642388695181174/1361642392611509413/AUDIO21022309510827287055/1613478068113file_example_WAV_1MG.wav
mtgame-cdn.mindtickle.com,1361642392611509413/1613478111383g0fvpqxeze.aac,mt-picasso-asia-singapore,1361642388695181174/1361642392611509413/AUDIO210223095108273204106/1613478111383g0fvpqxeze.aac
mtgame-cdn.mindtickle.com,1361642392611509413/1613480266934linksinner.pdf,mt-picasso-asia-singapore,1361642388695181174/1361642392611509413/DOCUMENT210223095107173219421/1613480266934linksinner.pdf
mtstreaming-cdn.mindtickle.com,1361642392611509413/1613478111383g0fvpqxeze.aac/mp3/1.mp3,mt-picasso-asia-singapore,1361642388695181174/1361642392611509413/AUDIO210223095108273254117/1.mp3
mtstreaming-cdn.mindtickle.com,1361642392611509413/1613478068113file_example_WAV_1MG.wav/mp3/1.mp3,mt-picasso-asia-singapore,1361642388695181174/1361642392611509413/AUDIO210223095108272915155/1.mp3
mtdocs-box-processed,1361661048303138232/doc.pdf,mt-picasso-asia-singapore,1361642388695181174/1361642392611509413/DOCUMENT210223095107173264456/doc.pdf
mtgame-cdn.mindtickle.com,1361642392611509413/1613478118382g0fvpqxeze.aac,mt-picasso-asia-singapore,1361642388695181174/1361642392611509413/AUDIO210223095108273411399/1613478118382g0fvpqxeze.aac
mtstreaming-cdn.mindtickle.com,1361642392611509413/1613478118382g0fvpqxeze.aac/mp3/1.mp3,mt-picasso-asia-singapore,1361642388695181174/1361642392611509413/AUDIO210223095108273457241/1.mp3
mtgame-cdn.mindtickle.com,1361642392611509413/1613478223083AudioSample1234.m4a,mt-picasso-asia-singapore,1361642388695181174/1361642392611509413/AUDIO210223095108273609440/1613478223083AudioSample1234.m4a
mtgame-cdn.mindtickle.com,1361642392611509413/1613480186392linksinner.pdf/imagified/out_{image_num}.png,mt-picasso-asia-singapore,1361642388695181174/1361642392611509413/CATALOGUE210223095107172761400/out_{image_num}.png
mtgame-cdn.mindtickle.com,1361642392611509413/1613478228647AudioSample1234.m4a,mt-picasso-asia-singapore,1361642388695181174/1361642392611509413/AUDIO210223095108273806511/1613478228647AudioSample1234.m4a
mtstreaming-cdn.mindtickle.com,1361642392611509413/1613478223083AudioSample1234.m4a/mp3/1.mp3,mt-picasso-asia-singapore,1361642388695181174/1361642392611509413/AUDIO210223095108273654170/1.mp3
mtgame-cdn.mindtickle.com,1361642392611509413/1613480253926linksinner.pdf/imagified/out_{image_num}.png,mt-picasso-asia-singapore,1361642388695181174/1361642392611509413/CATALOGUE210223095107173042444/out_{image_num}.png
mtstreaming-cdn.mindtickle.com,1361642392611509413/1613478228647AudioSample1234.m4a/mp3/1.mp3,mt-picasso-asia-singapore,1361642388695181174/1361642392611509413/AUDIO21022309510827385098/1.mp3
mtgame-cdn.mindtickle.com,1361642392611509413/1613478345421SampleAudio_0.4mb.mp3,mt-picasso-asia-singapore,1361642388695181174/1361642392611509413/AUDIO210223095108473417105/1613478345421SampleAudio_0.4mb.mp3
mtgame-cdn.mindtickle.com,1361642392611509413/1613484346836annualreport_2009.pdf,mt-picasso-asia-singapore,1361642388695181174/1361642392611509413/DOCUMENT210223095107173565184/1613484346836annualreport_2009.pdf
mtstreaming-cdn.mindtickle.com,1361642392611509413/1613478345421SampleAudio_0.4mb.mp3/mp3/1.mp3,mt-picasso-asia-singapore,1361642388695181174/1361642392611509413/AUDIO210223095108473507395/1.mp3
mtgame-cdn.mindtickle.com,1361642392611509413/1613478373884file_example_MP3_700KB.mp3,mt-picasso-asia-singapore,1361642388695181174/1361642392611509413/AUDIO210223095108473802511/1613478373884file_example_MP3_700KB.mp3
mtstreaming-cdn.mindtickle.com,1361642392611509413/1613478373884file_example_MP3_700KB.mp3/mp3/1.mp3,mt-picasso-asia-singapore,1361642388695181174/1361642392611509413/AUDIO210223095108473862199/1.mp3
mtdocs-box-processed,1361678201975041526/doc.pdf,mt-picasso-asia-singapore,1361642388695181174/1361642392611509413/DOCUMENT210223095107173616435/doc.pdf
mtgame-cdn.mindtickle.com,1361642392611509413/1613478380813SampleAudio_0.4mb.mp3,mt-picasso-asia-singapore,1361642388695181174/1361642392611509413/AUDIO210223095108474053397/1613478380813SampleAudio_0.4mb.mp3
mtstreaming-cdn.mindtickle.com,1361642392611509413/1613478380813SampleAudio_0.4mb.mp3/mp3/1.mp3,mt-picasso-asia-singapore,1361642388695181174/1361642392611509413/AUDIO21022309510847410844/1.mp3
mtgame-cdn.mindtickle.com,1361642392611509413/1613490345926majorsedrghjklsdfghjkldfko34567890dfghbjnkmdxfcgvhmfdghjkdfgchvbj4e5r678934567893245678fgvhbjkndfghjkdrfghj.pdf,mt-picasso-asia-singapore,1361642388695181174/1361642392611509413/DOCUMENT210223095107173846319/1613490345926majorsedrghjklsdfghjkldfko34567890dfghbjnkmdxfcgvhmfdghjkdfgchvbj4e5r678934567893245678fgvhbjkndfghjkdrfghj.pdf
mtgame-cdn.mindtickle.com,1361642392611509413/1613478457317file_example_WAV_1MG.oga,mt-picasso-asia-singapore,1361642388695181174/1361642392611509413/AUDIO210223095108474291190/1613478457317file_example_WAV_1MG.oga
mtgame-cdn.mindtickle.com,1361642392611509413/1613480266934linksinner.pdf/imagified/out_{image_num}.png,mt-picasso-asia-singapore,1361642388695181174/1361642392611509413/CATALOGUE210223095107173301247/out_{image_num}.png
mtgame-cdn.mindtickle.com,1361642392611509413/1613484346836annualreport_2009.pdf/imagified/out_{image_num}.png,mt-picasso-asia-singapore,1361642388695181174/1361642392611509413/CATALOGUE21022309510717365422/out_{image_num}.png
mtstreaming-cdn.mindtickle.com,1361642392611509413/1613478457317file_example_WAV_1MG.oga/mp3/1.mp3,mt-picasso-asia-singapore,1361642388695181174/1361642392611509413/AUDIO210223095108474345327/1.mp3
mtgame-cdn.mindtickle.com,1361642392611509413/1613478463991file_example_WAV_1MG.oga,mt-picasso-asia-singapore,1361642388695181174/1361642392611509413/AUDIO210223095108474575159/1613478463991file_example_WAV_1MG.oga
mtstreaming-cdn.mindtickle.com,1361642392611509413/1613478463991file_example_WAV_1MG.oga/mp3/1.mp3,mt-picasso-asia-singapore,1361642388695181174/1361642392611509413/AUDIO210223095108474631455/1.mp3
mtdocs-box-processed,1361703352428463374/doc.pdf,mt-picasso-asia-singapore,1361642388695181174/1361642392611509413/DOCUMENT210223095107173898496/doc.pdf
mtgame-cdn.mindtickle.com,1361642392611509413/1613478589777file_example_OOG_1MG.ogg,mt-picasso-asia-singapore,1361642388695181174/1361642392611509413/AUDIO210223095108474878232/1613478589777file_example_OOG_1MG.ogg
mtgame-cdn.mindtickle.com,1361642392611509413/1613490345926majorsedrghjklsdfghjkldfko34567890dfghbjnkmdxfcgvhmfdghjkdfgchvbj4e5r678934567893245678fgvhbjkndfghjkdrfghj.pdf/imagified/out_{image_num}.png,mt-picasso-asia-singapore,1361642388695181174/1361642392611509413/CATALOGUE210223095107173935372/out_{image_num}.png
mtgame-cdn.mindtickle.com,1361642392611509413/1613492878040UMASetResetPasswordEnhancement.pdf,mt-picasso-asia-singapore,1361642388695181174/1361642392611509413/DOCUMENT210223095107174124120/1613492878040UMASetResetPasswordEnhancement.pdf
mtstreaming-cdn.mindtickle.com,1361642392611509413/1613478589777file_example_OOG_1MG.ogg/mp3/1.mp3,mt-picasso-asia-singapore,1361642388695181174/1361642392611509413/AUDIO210223095108474933373/1.mp3
mtdocs-box-processed,1361713942960896655/doc.pdf,mt-picasso-asia-singapore,1361642388695181174/1361642392611509413/DOCUMENT210223095107174171452/doc.pdf
mtstreaming-cdn.mindtickle.com,1361642392611509413/1613478605474file_example_OOG_1MG.ogg/mp3/1.mp3,mt-picasso-asia-singapore,1361642388695181174/1361642392611509413/AUDIO210223095108475169207/1.mp3
mtgame-cdn.mindtickle.com,1361642392611509413/1613479861255fileexampleMP31MG.mp3,mt-picasso-asia-singapore,1361642388695181174/1361642392611509413/AUDIO21022309510847534928/1613479861255fileexampleMP31MG.mp3
mtgame-cdn.mindtickle.com,1361642392611509413/1613492878040UMASetResetPasswordEnhancement.pdf/imagified/out_{image_num}.png,mt-picasso-asia-singapore,1361642388695181174/1361642392611509413/CATALOGUE210223095107174208193/out_{image_num}.png
mtgame-cdn.mindtickle.com,1361642392611509413/1613478605474file_example_OOG_1MG.ogg,mt-picasso-asia-singapore,1361642388695181174/1361642392611509413/AUDIO21022309510847511519/1613478605474file_example_OOG_1MG.ogg
mtstreaming-cdn.mindtickle.com,1361642392611509413/1613479861255fileexampleMP31MG.mp3/mp3/1.mp3,mt-picasso-asia-singapore,1361642388695181174/1361642392611509413/AUDIO210223095108475403438/1.mp3
mtgame-cdn.mindtickle.com,1361642392611509413/1613554571062majorsedrghjklsdfghjkldfko34567890dfghbjnkmdxfcgvhmfdghjkdfgchvbj4e5r678934567893245678fgvhbjkndfghjkdrfghj.pdf,mt-picasso-asia-singapore,1361642388695181174/1361642392611509413/DOCUMENT21022309510735417374/1613554571062majorsedrghjklsdfghjkldfko34567890dfghbjnkmdxfcgvhmfdghjkdfgchvbj4e5r678934567893245678fgvhbjkndfghjkdrfghj.pdf
mtgame-cdn.mindtickle.com,1361642392611509413/1613491012002SampleXLSFile_1736kb.xls/imagified/out_{image_num}.png,mt-picasso-asia-singapore,1361642388695181174/1361642392611509413/CATALOGUE210223095106846038176/out_{image_num}.png
mtdocs-box-processed,1361972708972170719/doc.pdf,mt-picasso-asia-singapore,1361642388695181174/1361642392611509413/DOCUMENT210223095107354254276/doc.pdf
mtgame-cdn.mindtickle.com,1361642392611509413/1613479942257fileexampleMP31MG.mp3,mt-picasso-asia-singapore,1361642388695181174/1361642392611509413/AUDIO210223095108475580485/1613479942257fileexampleMP31MG.mp3
mtgame-cdn.mindtickle.com,1361642392611509413/1613554571062majorsedrghjklsdfghjkldfko34567890dfghbjnkmdxfcgvhmfdghjkdfgchvbj4e5r678934567893245678fgvhbjkndfghjkdrfghj.pdf/imagified/out_{image_num}.png,mt-picasso-asia-singapore,1361642388695181174/1361642392611509413/CATALOGUE210223095107354297351/out_{image_num}.png
mtstreaming-cdn.mindtickle.com,1361642392611509413/1613479942257fileexampleMP31MG.mp3/mp3/1.mp3,mt-picasso-asia-singapore,1361642388695181174/1361642392611509413/AUDIO210223095108475634173/1.mp3
mtgame-cdn.mindtickle.com,1361642392611509413/1613479958631fileexampleMP31MG.mp3,mt-picasso-asia-singapore,1361642388695181174/1361642392611509413/AUDIO210223095108475821425/1613479958631fileexampleMP31MG.mp3
mtgame-cdn.mindtickle.com,1361642392611509413/1613983000810CoachingNewUMIntegration.pdf,mt-picasso-asia-singapore,1361642388695181174/1361642392611509413/DOCUMENT21022309510735453743/1613983000810CoachingNewUMIntegration.pdf
mtstreaming-cdn.mindtickle.com,1361642392611509413/1613479958631fileexampleMP31MG.mp3/mp3/1.mp3,mt-picasso-asia-singapore,1361642388695181174/1361642392611509413/AUDIO21022309510847587695/1.mp3
mtgame-cdn.mindtickle.com,1361642392611509413/1613479988838AudioSample1234.m4a,mt-picasso-asia-singapore,1361642388695181174/1361642392611509413/AUDIO21022309510880440694/1613479988838AudioSample1234.m4a
mtdocs-box-processed,1363769666881030430/doc.pdf,mt-picasso-asia-singapore,1361642388695181174/1361642392611509413/DOCUMENT210223095107354588128/doc.pdf
mtgame-cdn.mindtickle.com,1361642392611509413/1613986282909Sample3.PDF,mt-picasso-asia-singapore,1361642388695181174/1361642392611509413/DOCUMENT210223095107354828195/1613986282909Sample3.PDF
mtgame-cdn.mindtickle.com,1361642392611509413/1613983000810CoachingNewUMIntegration.pdf/imagified/out_{image_num}.png,mt-picasso-asia-singapore,1361642388695181174/1361642392611509413/CATALOGUE210223095107354627400/out_{image_num}.png
mtstreaming-cdn.mindtickle.com,1361642392611509413/1613479988838AudioSample1234.m4a/mp3/1.mp3,mt-picasso-asia-singapore,1361642388695181174/1361642392611509413/AUDIO21022309510880449330/1.mp3
mtdocs-box-processed,1363783438715806383/doc.pdf,mt-picasso-asia-singapore,1361642388695181174/1361642392611509413/DOCUMENT210223095107354876359/doc.pdf
mtgame-cdn.mindtickle.com,1361642392611509413/1613480038389AudioSample1234.m4a,mt-picasso-asia-singapore,1361642388695181174/1361642392611509413/AUDIO210223095108804722117/1613480038389AudioSample1234.m4a
mtstreaming-cdn.mindtickle.com,1361642392611509413/1613480038389AudioSample1234.m4a/mp3/1.mp3,mt-picasso-asia-singapore,1361642388695181174/1361642392611509413/AUDIO21022309510880478297/1.mp3
mtstreaming-cdn.mindtickle.com,1361642392611509413/1613480049740AudioSample1234.m4a/mp3/1.mp3,mt-picasso-asia-singapore,1361642388695181174/1361642392611509413/AUDIO21022309510880508015/1.mp3
mtgame-cdn.mindtickle.com,1361642392611509413/1613480049740AudioSample1234.m4a,mt-picasso-asia-singapore,1361642388695181174/1361642392611509413/AUDIO21022309510880502213/1613480049740AudioSample1234.m4a
mtgame-cdn.mindtickle.com,1361642392611509413/1613477698264samplepptx1234567890_234567893456789dfghjkretyuiotyuioftyuiortyuirtyui_1234567890QWERTYU.pptx,mt-picasso-asia-singapore,1361642388695181174/1361642392611509413/DOCUMENT210223095107355155246/1613477698264samplepptx1234567890_234567893456789dfghjkretyuiotyuioftyuiortyuirtyui_1234567890QWERTYU.pptx
mtgame-cdn.mindtickle.com,1361642392611509413/1613477698264samplepptx1234567890_234567893456789dfghjkretyuiotyuioftyuiortyuirtyui_1234567890QWERTYU.pptx/imagified/out_{image_num}.png,mt-picasso-asia-singapore,1361642388695181174/1361642392611509413/CATALOGUE210223095107355242501/out_{image_num}.png
mtgame-cdn.mindtickle.com,1361642392611509413/1613484255526file_example_WAV_1MG.wav,mt-picasso-asia-singapore,1361642388695181174/1361642392611509413/AUDIO210223095108805272375/1613484255526file_example_WAV_1MG.wav
mtdocs-box-processed,1361650294877552225/doc.pdf,mt-picasso-asia-singapore,1361642388695181174/1361642392611509413/DOCUMENT210223095107355205175/doc.pdf
mtgame-cdn.mindtickle.com,1361642392611509413/1613477961541SamplePPTFile_1000kb.ppt,mt-picasso-asia-singapore,1361642388695181174/1361642392611509413/DOCUMENT210223095107355533328/1613477961541SamplePPTFile_1000kb.ppt
mtstreaming-cdn.mindtickle.com,1361642392611509413/1613484255526file_example_WAV_1MG.wav/mp3/1.mp3,mt-picasso-asia-singapore,1361642388695181174/1361642392611509413/AUDIO210223095108805328249/1.mp3
mtgame-cdn.mindtickle.com,1361642392611509413/1613484270827AudioSample1234.m4a,mt-picasso-asia-singapore,1361642388695181174/1361642392611509413/AUDIO210223095108805511184/1613484270827AudioSample1234.m4a
mtgame-cdn.mindtickle.com,1361642392611509413/1613490410376SampleAudio_0.4mb.mp3,mt-picasso-asia-singapore,1361642388695181174/1361642392611509413/AUDIO210223095108805748350/1613490410376SampleAudio_0.4mb.mp3
mtstreaming-cdn.mindtickle.com,1361642392611509413/1613484270827AudioSample1234.m4a/mp3/1.mp3,mt-picasso-asia-singapore,1361642388695181174/1361642392611509413/AUDIO210223095108805567416/1.mp3
mtdocs-box-processed,1361651404382115783/doc.pdf,mt-picasso-asia-singapore,1361642388695181174/1361642392611509413/DOCUMENT21022309510735558226/doc.pdf
mtstreaming-cdn.mindtickle.com,1361642392611509413/1613490410376SampleAudio_0.4mb.mp3/mp3/1.mp3,mt-picasso-asia-singapore,1361642388695181174/1361642392611509413/AUDIO210223095108805803135/1.mp3
mtdocs-box-processed,1361656794607227037/doc.pdf,mt-picasso-asia-singapore,1361642388695181174/1361642392611509413/DOCUMENT210223095107355845442/doc.pdf
mtgame-cdn.mindtickle.com,1361642392611509413/1613492597510file_example_OOG_1MG.ogg,mt-picasso-asia-singapore,1361642388695181174/1361642392611509413/AUDIO210223095108805983101/1613492597510file_example_OOG_1MG.ogg
mtgame-cdn.mindtickle.com,1361642392611509413/1613479247006SamplePPTFile_500kb.ppt,mt-picasso-asia-singapore,1361642388695181174/1361642392611509413/DOCUMENT21022309510735580070/1613479247006SamplePPTFile_500kb.ppt
mtgame-cdn.mindtickle.com,1361642392611509413/1613986282909Sample3.PDF/imagified/out_{image_num}.png,mt-picasso-asia-singapore,1361642388695181174/1361642392611509413/CATALOGUE210223095107354913227/out_{image_num}.png
mtgame-cdn.mindtickle.com,1361642392611509413/1613477961541SamplePPTFile_1000kb.ppt/imagified/out_{image_num}.png,mt-picasso-asia-singapore,1361642388695181174/1361642392611509413/CATALOGUE210223095107355619126/out_{image_num}.png
mtgame-cdn.mindtickle.com,1361642392611509413/1613479247006SamplePPTFile_500kb.ppt/imagified/out_{image_num}.png,mt-picasso-asia-singapore,1361642388695181174/1361642392611509413/CATALOGUE210223095107355882273/out_{image_num}.png
mtdocs-box-processed,1361656806906768861/doc.pdf,mt-picasso-asia-singapore,1361642388695181174/1361642392611509413/DOCUMENT210223095107356125288/doc.pdf
mtgame-cdn.mindtickle.com,1361642392611509413/1613479254541SamplePPTFile_500kb.ppt,mt-picasso-asia-singapore,1361642388695181174/1361642392611509413/DOCUMENT210223095107356078500/1613479254541SamplePPTFile_500kb.ppt
mtgame-cdn.mindtickle.com,1361642392611509413/1613479254541SamplePPTFile_500kb.ppt/imagified/out_{image_num}.png,mt-picasso-asia-singapore,1361642388695181174/1361642392611509413/CATALOGUE210223095107356214148/out_{image_num}.png
mtgame-cdn.mindtickle.com,1361642392611509413/1613479347703samplepptx1234567890_234567893456789dfghjkretyuiotyuioftyuiortyuirtyui_1234567890QWERTYU.pptx,mt-picasso-asia-singapore,1361642388695181174/1361642392611509413/DOCUMENT210223095107356407330/1613479347703samplepptx1234567890_234567893456789dfghjkretyuiotyuioftyuiortyuirtyui_1234567890QWERTYU.pptx
mtdocs-box-processed,1361657212521474619/doc.pdf,mt-picasso-asia-singapore,1361642388695181174/1361642392611509413/DOCUMENT21022309510735645733/doc.pdf
mtgame-cdn.mindtickle.com,1361642392611509413/1613479347703samplepptx1234567890_234567893456789dfghjkretyuiotyuioftyuiortyuirtyui_1234567890QWERTYU.pptx/imagified/out_{image_num}.png,mt-picasso-asia-singapore,1361642388695181174/1361642392611509413/CATALOGUE210223095107356494312/out_{image_num}.png
mtgame-cdn.mindtickle.com,1361642392611509413/1613479353199samplepptx1234567890_234567893456789dfghjkretyuiotyuioftyuiortyuirtyui_1234567890QWERTYU.pptx,mt-picasso-asia-singapore,1361642388695181174/1361642392611509413/DOCUMENT210223095107356684490/1613479353199samplepptx1234567890_234567893456789dfghjkretyuiotyuioftyuiortyuirtyui_1234567890QWERTYU.pptx
mtdocs-box-processed,1361657233160105983/doc.pdf,mt-picasso-asia-singapore,1361642388695181174/1361642392611509413/DOCUMENT210223095107356734318/doc.pdf
mtgame-cdn.mindtickle.com,1361642392611509413/1613479353199samplepptx1234567890_234567893456789dfghjkretyuiotyuioftyuiortyuirtyui_1234567890QWERTYU.pptx/imagified/out_{image_num}.png,mt-picasso-asia-singapore,1361642388695181174/1361642392611509413/CATALOGUE210223095107356770196/out_{image_num}.png
mtgame-cdn.mindtickle.com,1361642392611509413/1613480210102SamplePPTFile500kb.ppt,mt-picasso-asia-singapore,1361642388695181174/1361642392611509413/DOCUMENT210223095107356952105/1613480210102SamplePPTFile500kb.ppt
mtdocs-box-processed,1361660809810892022/doc.pdf,mt-picasso-asia-singapore,1361642388695181174/1361642392611509413/DOCUMENT210223095107357003256/doc.pdf
mtgame-cdn.mindtickle.com,1361642392611509413/1613480210102SamplePPTFile500kb.ppt/imagified/out_{image_num}.png,mt-picasso-asia-singapore,1361642388695181174/1361642392611509413/CATALOGUE210223095107357040369/out_{image_num}.png
mtgame-cdn.mindtickle.com,1361642392611509413/1613480302817SamplePPTFile500kb.ppt,mt-picasso-asia-singapore,1361642388695181174/1361642392611509413/DOCUMENT21022309510770938219/1613480302817SamplePPTFile500kb.ppt
mtdocs-box-processed,1361661199281576164/doc.pdf,mt-picasso-asia-singapore,1361642388695181174/1361642392611509413/DOCUMENT210223095107709462155/doc.pdf
mtgame-cdn.mindtickle.com,1361642392611509413/1613480302817SamplePPTFile500kb.ppt/imagified/out_{image_num}.png,mt-picasso-asia-singapore,1361642388695181174/1361642392611509413/CATALOGUE210223095107709505343/out_{image_num}.png
mtdocs-box-processed,1361661246576423436/doc.pdf,mt-picasso-asia-singapore,1361642388695181174/1361642392611509413/DOCUMENT210223095107709881173/doc.pdf
mtgame-cdn.mindtickle.com,1361642392611509413/1613480314234SamplePPTFile500kb.ppt,mt-picasso-asia-singapore,1361642388695181174/1361642392611509413/DOCUMENT21022309510770982651/1613480314234SamplePPTFile500kb.ppt
mtgame-cdn.mindtickle.com,1361642392611509413/1613480314234SamplePPTFile500kb.ppt/imagified/out_{image_num}.png,mt-picasso-asia-singapore,1361642388695181174/1361642392611509413/CATALOGUE210223095107709921508/out_{image_num}.png
mtgame-cdn.mindtickle.com,1361642392611509413/1613484372751SamplePPTFile500kb.ppt,mt-picasso-asia-singapore,1361642388695181174/1361642392611509413/DOCUMENT210223095107710130222/1613484372751SamplePPTFile500kb.ppt
mtdocs-box-processed,1361678269255268893/doc.pdf,mt-picasso-asia-singapore,1361642388695181174/1361642392611509413/DOCUMENT210223095107710182262/doc.pdf
mtgame-cdn.mindtickle.com,1361642392611509413/1613492354841SamplePPTFile_500kb.ppt,mt-picasso-asia-singapore,1361642388695181174/1361642392611509413/DOCUMENT210223095107710412222/1613492354841SamplePPTFile_500kb.ppt
mtgame-cdn.mindtickle.com,1361642392611509413/1613484372751SamplePPTFile500kb.ppt/imagified/out_{image_num}.png,mt-picasso-asia-singapore,1361642388695181174/1361642392611509413/CATALOGUE210223095107710222413/out_{image_num}.png
mtdocs-box-processed,1363769604820254370/doc.pdf,mt-picasso-asia-singapore,1361642388695181174/1361642392611509413/DOCUMENT21022309510771073974/doc.pdf
mtgame-cdn.mindtickle.com,1361642392611509413/1613554551900g0fvpqxeze.aac,mt-picasso-asia-singapore,1361642388695181174/1361642392611509413/AUDIO210223095108806512190/1613554551900g0fvpqxeze.aac
mtgame-cdn.mindtickle.com,1361642392611509413/1613979634111file_example_WAV_1MG.wav,mt-picasso-asia-singapore,1361642388695181174/1361642392611509413/AUDIO210223095108806746229/1613979634111file_example_WAV_1MG.wav
