mtgame-eu.mindtickle.com,1350031492593686915/1611913800978file_example_XLS_5000.xls/imagified/out_{image_num}.png,mt-picasso-eu-ireland,1350031489005384041556677/1350031492593686915/CATALOGUE210205111640913647477/out_{image_num}.png
mtdocs-eu-box-processed,1356101226395476866/doc.pdf,mt-picasso-eu-ireland,1350031489005384041556677/1350031492593686915/DOCUMENT210205111640913868270/doc.pdf
mtgame-eu.mindtickle.com,1350031492593686915/1612154694585file_example_XLS_5000.xls/imagified/out_{image_num}.png,mt-picasso-eu-ireland,1350031489005384041556677/1350031492593686915/CATALOGUE210205111640913904241/out_{image_num}.png
mtdocs-eu-box-processed,1355076085389493972/doc.pdf,mt-picasso-us-east,1350031489005384041/1350031492593686915/DOCUMENT210203204435753173325/doc.pdf
mtdocs-eu-box-processed,1354365405257535958/doc.pdf,mt-picasso-us-east,1350031489005384041/1350031492593686915/DOCUMENT210203204434929503134/doc.pdf
mtgame-eu.mindtickle.com,1350031492593686915/user/4d6c2122f603e54d/1611911030249_4d6c2122f603e54d_videoplaybackwav.wav/mp3/1.mp3,mt-picasso-us-east,1350031489005384041/1350031492593686915/AUDIO21020320443669193268/1.mp3
mtgame-eu.mindtickle.com,1350031492593686915/1612248352277file_example_MP3_700KB.mp3,mt-picasso-eu-ireland,1350031489005384041556677/1350031492593686915/AUDIO210205111508549911177/1612248352277file_example_MP3_700KB.mp3
mtgame-eu.mindtickle.com,1350031492593686915/1611894573330file_example_XLS_5000.xls,mt-picasso-eu-ireland,1350031489005384041556677/1350031492593686915/DOCUMENT210205111505758084310/1611894573330file_example_XLS_5000.xls
mtgame-eu.mindtickle.com,1350031492593686915/user/4d6c2122f603e54d/1611911030249_4d6c2122f603e54d_videoplaybackwav.wav,mt-picasso-us-east,1350031489005384041/1350031492593686915/AUDIO210203204436691792142/1611911030249_4d6c2122f603e54d_videoplaybackwav.wav
mtgame-eu.mindtickle.com,1350031492593686915/user/4d6c211f404eec9b/1354364284476765079/1354364284476765079_1/audio/4d6c211f404eec9b_1611906111310/4d6c211f404eec9b_1611906111310.out,mt-picasso-eu-ireland,1350031489005384041/1350031492593686915/DOCUMENT210204112354945521307/4d6c211f404eec9b_1611906111310.out
mtgame-eu.mindtickle.com,1350031492593686915/1612154843283file_example_XLSX_5000.xlsx,mt-picasso-eu-ireland,1350031489005384041556677/1350031492593686915/DOCUMENT210205111640914078429/1612154843283file_example_XLSX_5000.xlsx
mtdocs-eu-box-processed,1355076323901031276/doc.pdf,mt-picasso-eu-ireland,1350031489005384041556677/1350031492593686915/DOCUMENT210205111506572672137/doc.pdf
mtgame-eu.mindtickle.com,1350031492593686915/1611913800978file_example_XLS_5000.xls,mt-picasso-eu-ireland,1350031489005384041/1350031492593686915/DOCUMENT210204112354186710462/1611913800978file_example_XLS_5000.xls
mtgame-eu.mindtickle.com,1350031492593686915/1611738960694g0fvpqxeze.aac,mt-picasso-eu-ireland,1350031489005384041556677/1350031492593686915/AUDIO210205111507472348399/1611738960694g0fvpqxeze.aac
mtgame-eu.mindtickle.com,1350031492593686915/1611740926979SampleDOCFile_500kb.doc,mt-picasso-eu-ireland,1350031489005384041556677/1350031492593686915/DOCUMENT210205111641604383276/1611740926979SampleDOCFile_500kb.doc
mtgame-eu.mindtickle.com,1350031492593686915/1611738960694g0fvpqxeze.aac/mp3/1.mp3,mt-picasso-eu-ireland,1350031489005384041556677/1350031492593686915/AUDIO210205111507472394454/1.mp3
mtgame-eu.mindtickle.com,1350031492593686915/1612249475002file_example_MP3_700KB.mp3,mt-picasso-eu-ireland,1350031489005384041556677/1350031492593686915/AUDIO210205111508550305340/1612249475002file_example_MP3_700KB.mp3
mtgame-eu.mindtickle.com,1350031492593686915/1611740843702SampleXLSFile_38kb.xls,mt-picasso-us-east,1350031489005384041/1350031492593686915/DOCUMENT210203204434929409412/1611740843702SampleXLSFile_38kb.xls
mtgame-eu.mindtickle.com,1350031492593686915/1611894527182file_example_XLSX_5000.xlsx/imagified/out_{image_num}.png,mt-picasso-eu-ireland,1350031489005384041556677/1350031492593686915/CATALOGUE21020511150575789889/out_{image_num}.png
mtgame-eu.mindtickle.com,1350031492593686915/1611739027739SampleAudio_0.7mb.mp3/mp3/1.mp3,mt-picasso-eu-ireland,1350031489005384041556677/1350031492593686915/AUDIO210205111507472591141/1.mp3
mtgame-eu.mindtickle.com,1350031492593686915/user/4d6c211f621dfafd/1354370155635599202/1354370155635599202_1/audio/4d6c211f621dfafd_1611909911811/4d6c211f621dfafd_1611909911811.webm/mp3/1.mp3,mt-picasso-us-east,1350031489005384041/1350031492593686915/AUDIO210203204436691600408/1.mp3
mtdocs-eu-box-processed,1354405863157828621/doc.pdf,mt-picasso-eu-ireland,1350031489005384041556677/1350031492593686915/DOCUMENT210205111640095521204/doc.pdf
mtgame-eu.mindtickle.com,1350031492593686915/1612154694585file_example_XLS_5000.xls,mt-picasso-eu-ireland,1350031489005384041556677/1350031492593686915/DOCUMENT210205111640913822246/1612154694585file_example_XLS_5000.xls
mtgame-eu.mindtickle.com,1350031492593686915/1611894573330file_example_XLS_5000.xls/imagified/out_{image_num}.png,mt-picasso-eu-ireland,1350031489005384041556677/1350031492593686915/CATALOGUE210205111505758169460/out_{image_num}.png
mtgame-eu.mindtickle.com,1350031492593686915/user/4d6c211f404eec9b/1354364284476765079/1354364284476765079_1/audio/4d6c211f404eec9b_1611906111310/4d6c211f404eec9b_1611906111310.webm/mp3/1.mp3,mt-picasso-eu-ireland,1350031489005384041/1350031492593686915/AUDIO210204112354945348331/1.mp3
mtgame-eu.mindtickle.com,1350031492593686915/user/4d6c211f621dfafd/1611908788373_4d6c211f621dfafd_IndianGirlsCodeAditiPrasadTEDxChennaimp3.mp3,mt-picasso-eu-ireland,1350031489005384041/1350031492593686915/AUDIO210204112354945815155/1611908788373_4d6c211f621dfafd_IndianGirlsCodeAditiPrasadTEDxChennaimp3.mp3
mtgame-eu.mindtickle.com,1350031492593686915/1611895705435file_example_XLS_5000.xls,mt-picasso-eu-ireland,1350031489005384041556677/1350031492593686915/DOCUMENT210205111505758362322/1611895705435file_example_XLS_5000.xls
mtdocs-eu-box-processed,1355014945639958139/doc.pdf,mt-picasso-eu-ireland,1350031489005384041556677/1350031492593686915/DOCUMENT210205111505758417413/doc.pdf
mtgame-eu.mindtickle.com,1350031492593686915/user/4d6c211fded8b6b8/1611911789679_4d6c211fded8b6b8_SampleQuestionUploadxls.xls/imagified/out_{image_num}.png,mt-picasso-eu-ireland,1350031489005384041/1350031492593686915/CATALOGUE210204112354005280142/out_{image_num}.png
mtgame-eu.mindtickle.com,1350031492593686915/1611739094264NOMATTERHOWHARDITGETSPowerfulMotivationalSpeech.vtt,mt-picasso-eu-ireland,1350031489005384041556677/1350031492593686915/DOCUMENT210205111507648586438/1611739094264NOMATTERHOWHARDITGETSPowerfulMotivationalSpeech.vtt
mtgame-eu.mindtickle.com,1350031492593686915/1611739094264NOMATTERHOWHARDITGETSPowerfulMotivationalSpeech.out,mt-picasso-eu-ireland,1350031489005384041556677/1350031492593686915/DOCUMENT210205111507648639250/1611739094264NOMATTERHOWHARDITGETSPowerfulMotivationalSpeech.out
mtgame-eu.mindtickle.com,1350031492593686915/1611741051291REMEMBERYOURDREAMMotivationalVideo.vtt,mt-picasso-eu-ireland,1350031489005384041556677/1350031492593686915/DOCUMENT210205111507649382435/1611741051291REMEMBERYOURDREAMMotivationalVideo.vtt
mtgame-eu.mindtickle.com,1350031492593686915/1611741051291REMEMBERYOURDREAMMotivationalVideo.out,mt-picasso-eu-ireland,1350031489005384041556677/1350031492593686915/DOCUMENT210205111507649415183/1611741051291REMEMBERYOURDREAMMotivationalVideo.out
mtgame-eu.mindtickle.com,1350031492593686915/1611739094264NOMATTERHOWHARDITGETSPowerfulMotivationalSpeech.vtt,mt-picasso-us-east,1350031489005384041/1350031492593686915/DOCUMENT21020320443609065031/1611739094264NOMATTERHOWHARDITGETSPowerfulMotivationalSpeech.vtt
mtgame-eu.mindtickle.com,1350031492593686915/1611741051291REMEMBERYOURDREAMMotivationalVideo.vtt,mt-picasso-us-east,1350031489005384041/1350031492593686915/DOCUMENT210203204436091087188/1611741051291REMEMBERYOURDREAMMotivationalVideo.vtt
mtgame-eu.mindtickle.com,1350031492593686915/1611739094264NOMATTERHOWHARDITGETSPowerfulMotivationalSpeech.out,mt-picasso-us-east,1350031489005384041/1350031492593686915/DOCUMENT21020320443609069055/1611739094264NOMATTERHOWHARDITGETSPowerfulMotivationalSpeech.out
mtgame-eu.mindtickle.com,1350031492593686915/1611741051291REMEMBERYOURDREAMMotivationalVideo.out,mt-picasso-us-east,1350031489005384041/1350031492593686915/DOCUMENT210203204436091124182/1611741051291REMEMBERYOURDREAMMotivationalVideo.out
