mtgame-us.mindtickle.com,1350031245273340947/1612157761901file_example_XLS_5000.xls,mt-picasso-eu-ireland,1350031239995393597/1350031245273340947/DOCUMENT21020322445845771669/1612157761901file_example_XLS_5000.xls
mtdocs-us-box-processed,1356114099822537057/doc.pdf,mt-picasso-eu-ireland,1350031239995393597/1350031245273340947/DOCUMENT210203224458457838403/doc.pdf
mtgame-us.mindtickle.com,1350031245273340947/1612157761901file_example_XLS_5000.xls/imagified/out_{image_num}.png,mt-picasso-eu-ireland,1350031239995393597/1350031245273340947/CATALOGUE210203224458457879380/out_{image_num}.png
mtgame-us.mindtickle.com,1350031245273340947/1612159794649file_example_XLS_5000.xls,mt-picasso-eu-ireland,1350031239995393597/1350031245273340947/DOCUMENT210203224458458141399/1612159794649file_example_XLS_5000.xls
mtdocs-us-box-processed,1356122627643340791/doc.pdf,mt-picasso-eu-ireland,1350031239995393597/1350031245273340947/DOCUMENT210203224458458189239/doc.pdf
mtgame-us.mindtickle.com,1350031245273340947/1612159794649file_example_XLS_5000.xls/imagified/out_{image_num}.png,mt-picasso-eu-ireland,1350031239995393597/1350031245273340947/CATALOGUE210203224458458223423/out_{image_num}.png
mtgame-us.mindtickle.com,1350031245273340947/1612159830043file_example_XLSX_5000.xlsx,mt-picasso-eu-ireland,1350031239995393597/1350031245273340947/DOCUMENT210203224458458389503/1612159830043file_example_XLSX_5000.xlsx
mtdocs-us-box-processed,1356122767086081482/doc.pdf,mt-picasso-eu-ireland,1350031239995393597/1350031245273340947/DOCUMENT210203224458458436183/doc.pdf
mtgame-us.mindtickle.com,1350031245273340947/1612159830043file_example_XLSX_5000.xlsx/imagified/out_{image_num}.png,mt-picasso-eu-ireland,1350031239995393597/1350031245273340947/CATALOGUE210203224458458470507/out_{image_num}.png
mtgame-us.mindtickle.com,1350031245273340947/1612159914942file_example_XLS_5000.xls,mt-picasso-eu-ireland,1350031239995393597/1350031245273340947/DOCUMENT210203224458458634490/1612159914942file_example_XLS_5000.xls
mtdocs-us-box-processed,1356123127598175524/doc.pdf,mt-picasso-eu-ireland,1350031239995393597/1350031245273340947/DOCUMENT210203224458458677449/doc.pdf
mtgame-us.mindtickle.com,1350031245273340947/1612159914942file_example_XLS_5000.xls/imagified/out_{image_num}.png,mt-picasso-eu-ireland,1350031239995393597/1350031245273340947/CATALOGUE210203224458458711486/out_{image_num}.png
mtgame-us.mindtickle.com,1350031245273340947/1612161676630file_example_XLS_5000.xls,mt-picasso-eu-ireland,1350031239995393597/1350031245273340947/DOCUMENT21020322445845887430/1612161676630file_example_XLS_5000.xls
mtdocs-us-box-processed,1356130519481783322/doc.pdf,mt-picasso-eu-ireland,1350031239995393597/1350031245273340947/DOCUMENT210203224458458917132/doc.pdf
mtgame-us.mindtickle.com,1350031245273340947/1612161676630file_example_XLS_5000.xls/imagified/out_{image_num}.png,mt-picasso-eu-ireland,1350031239995393597/1350031245273340947/CATALOGUE210203224458458950391/out_{image_num}.png
mtgame-us.mindtickle.com,1350031245273340947/1612161732096file_example_XLSX_5000.xlsx,mt-picasso-eu-ireland,1350031239995393597/1350031245273340947/DOCUMENT210203224458459113209/1612161732096file_example_XLSX_5000.xlsx
mtdocs-us-box-processed,1356130745348895721/doc.pdf,mt-picasso-eu-ireland,1350031239995393597/1350031245273340947/DOCUMENT210203224458459156140/doc.pdf
mtgame-us.mindtickle.com,1350031245273340947/1612157556662816.ppt,mt-picasso-eu-ireland,1350031239995393597/1350031245273340947/DOCUMENT210203224458459294238/1612157556662816.ppt
mtdocs-us-box-processed,1356113233097759439/doc.pdf,mt-picasso-eu-ireland,1350031239995393597/1350031245273340947/DOCUMENT210203224458459336185/doc.pdf
mtgame-us.mindtickle.com,1350031245273340947/1612157556662816.ppt/imagified/out_{image_num}.png,mt-picasso-eu-ireland,1350031239995393597/1350031245273340947/CATALOGUE21020322445845937092/out_{image_num}.png
mtgame-us.mindtickle.com,1350031245273340947/1612157591268samplepptx.pptx,mt-picasso-eu-ireland,1350031239995393597/1350031245273340947/DOCUMENT210203224458459533101/1612157591268samplepptx.pptx
mtdocs-us-box-processed,1356113379833808523/doc.pdf,mt-picasso-eu-ireland,1350031239995393597/1350031245273340947/DOCUMENT210203224458459576359/doc.pdf
mtgame-us.mindtickle.com,1350031245273340947/1612157591268samplepptx.pptx/imagified/out_{image_num}.png,mt-picasso-eu-ireland,1350031239995393597/1350031245273340947/CATALOGUE210203224458459609119/out_{image_num}.png
mtgame-us.mindtickle.com,1350031245273340947/1612157808073samplepptx.pptx,mt-picasso-eu-ireland,1350031239995393597/1350031245273340947/DOCUMENT210203224458459772201/1612157808073samplepptx.pptx
mtdocs-us-box-processed,1356114287171486917/doc.pdf,mt-picasso-eu-ireland,1350031239995393597/1350031245273340947/DOCUMENT210203224458459814401/doc.pdf
mtgame-us.mindtickle.com,1350031245273340947/1612157808073samplepptx.pptx/imagified/out_{image_num}.png,mt-picasso-eu-ireland,1350031239995393597/1350031245273340947/CATALOGUE210203224458459847474/out_{image_num}.png
mtgame-us.mindtickle.com,1350031245273340947/1612157849451816.ppt,mt-picasso-eu-ireland,1350031239995393597/1350031245273340947/DOCUMENT210203224458460061249/1612157849451816.ppt
mtdocs-us-box-processed,1356114461145493367/doc.pdf,mt-picasso-eu-ireland,1350031239995393597/1350031245273340947/DOCUMENT210203224458460107141/doc.pdf
mtgame-us.mindtickle.com,1350031245273340947/1612157849451816.ppt/imagified/out_{image_num}.png,mt-picasso-eu-ireland,1350031239995393597/1350031245273340947/CATALOGUE210203224458460142364/out_{image_num}.png
mtgame-us.mindtickle.com,1350031245273340947/1612159716303816.ppt,mt-picasso-eu-ireland,1350031239995393597/1350031245273340947/DOCUMENT210203224458646342441/1612159716303816.ppt
mtdocs-us-box-processed,1356122292465344698/doc.pdf,mt-picasso-eu-ireland,1350031239995393597/1350031245273340947/DOCUMENT210203224458646414245/doc.pdf
mtgame-us.mindtickle.com,1350031245273340947/1612159716303816.ppt/imagified/out_{image_num}.png,mt-picasso-eu-ireland,1350031239995393597/1350031245273340947/CATALOGUE210203224458646452178/out_{image_num}.png
mtgame-us.mindtickle.com,1350031245273340947/1612159755538pptx2.pptx,mt-picasso-eu-ireland,1350031239995393597/1350031245273340947/DOCUMENT210203224458646654357/1612159755538pptx2.pptx
mtdocs-us-box-processed,1356122482239212758/doc.pdf,mt-picasso-eu-ireland,1350031239995393597/1350031245273340947/DOCUMENT210203224458646704360/doc.pdf
mtgame-us.mindtickle.com,1350031245273340947/1612159755538pptx2.pptx/imagified/out_{image_num}.png,mt-picasso-eu-ireland,1350031239995393597/1350031245273340947/CATALOGUE210203224458646740106/out_{image_num}.png
mtgame-us.mindtickle.com,1350031245273340947/1612160020863816.ppt,mt-picasso-eu-ireland,1350031239995393597/1350031245273340947/DOCUMENT2102032244586469060/1612160020863816.ppt
mtdocs-us-box-processed,1356123565859594591/doc.pdf,mt-picasso-eu-ireland,1350031239995393597/1350031245273340947/DOCUMENT210203224458646949289/doc.pdf
mtgame-us.mindtickle.com,1350031245273340947/1612160020863816.ppt/imagified/out_{image_num}.png,mt-picasso-eu-ireland,1350031239995393597/1350031245273340947/CATALOGUE210203224458646983292/out_{image_num}.png
mtgame-us.mindtickle.com,1350031245273340947/1612161571768816.ppt,mt-picasso-eu-ireland,1350031239995393597/1350031245273340947/DOCUMENT210203224458647144270/1612161571768816.ppt
mtdocs-us-box-processed,1356130077489781281/doc.pdf,mt-picasso-eu-ireland,1350031239995393597/1350031245273340947/DOCUMENT210203224458647186125/doc.pdf
mtgame-us.mindtickle.com,1350031245273340947/1612161571768816.ppt/imagified/out_{image_num}.png,mt-picasso-eu-ireland,1350031239995393597/1350031245273340947/CATALOGUE210203224458647220377/out_{image_num}.png
mtgame-us.mindtickle.com,1350031245273340947/1612161614350pptx2.pptx,mt-picasso-eu-ireland,1350031239995393597/1350031245273340947/DOCUMENT210203224458647382321/1612161614350pptx2.pptx
mtdocs-us-box-processed,1356130276359954750/doc.pdf,mt-picasso-eu-ireland,1350031239995393597/1350031245273340947/DOCUMENT21020322445864742476/doc.pdf
mtgame-us.mindtickle.com,1350031245273340947/1612161614350pptx2.pptx/imagified/out_{image_num}.png,mt-picasso-eu-ireland,1350031239995393597/1350031245273340947/CATALOGUE21020322445864745852/out_{image_num}.png
mtgame-us.mindtickle.com,1350031245273340947/1612177842768816.ppt,mt-picasso-eu-ireland,1350031239995393597/1350031245273340947/DOCUMENT210203224458647670375/1612177842768816.ppt
mtdocs-us-box-processed,1356198320293294893/doc.pdf,mt-picasso-eu-ireland,1350031239995393597/1350031245273340947/DOCUMENT21020322445864771649/doc.pdf
mtgame-us.mindtickle.com,1350031245273340947/1612177842768816.ppt/imagified/out_{image_num}.png,mt-picasso-eu-ireland,1350031239995393597/1350031245273340947/CATALOGUE210203224458647750100/out_{image_num}.png
mtgame-us.mindtickle.com,1350031245273340947/1612155991890ff16b2c44100hz.aac,mt-picasso-eu-ireland,1350031239995393597/1350031245273340947/AUDIO21020322445864791495/1612155991890ff16b2c44100hz.aac
mtgame-us.mindtickle.com,1350031245273340947/1612155991890ff16b2c44100hz.aac/mp3/1.mp3,mt-picasso-eu-ireland,1350031239995393597/1350031245273340947/AUDIO210203224458647958226/1.mp3
mtgame-us.mindtickle.com,1350031245273340947/1612156031237file_example_MP3_5MG.mp3,mt-picasso-eu-ireland,1350031239995393597/1350031245273340947/AUDIO210203224458648107131/1612156031237file_example_MP3_5MG.mp3
mtgame-us.mindtickle.com,1350031245273340947/1612156031237file_example_MP3_5MG.mp3/mp3/1.mp3,mt-picasso-eu-ireland,1350031239995393597/1350031245273340947/AUDIO21020322445864815171/1.mp3
mtgame-us.mindtickle.com,1350031245273340947/1612156922585SymphonyNo.61stmovement.m4a,mt-picasso-eu-ireland,1350031239995393597/1350031245273340947/AUDIO210203224458648293329/1612156922585SymphonyNo.61stmovement.m4a
mtgame-us.mindtickle.com,1350031245273340947/1612156922585SymphonyNo.61stmovement.m4a/mp3/1.mp3,mt-picasso-eu-ireland,1350031239995393597/1350031245273340947/AUDIO210203224458648336241/1.mp3
mtgame-us.mindtickle.com,1350031245273340947/1612156959865file_example_OOG_5MG.ogg,mt-picasso-eu-ireland,1350031239995393597/1350031245273340947/AUDIO210203224458648517354/1612156959865file_example_OOG_5MG.ogg
mtgame-us.mindtickle.com,1350031245273340947/1612156959865file_example_OOG_5MG.ogg/mp3/1.mp3,mt-picasso-eu-ireland,1350031239995393597/1350031245273340947/AUDIO210203224458648561420/1.mp3
mtgame-us.mindtickle.com,1350031245273340947/1612156996783sample1.oga,mt-picasso-eu-ireland,1350031239995393597/1350031245273340947/AUDIO21020322445893334118/1612156996783sample1.oga
mtgame-us.mindtickle.com,1350031245273340947/1612156996783sample1.oga/mp3/1.mp3,mt-picasso-eu-ireland,1350031239995393597/1350031245273340947/AUDIO210203224458933413432/1.mp3
mtgame-us.mindtickle.com,1350031245273340947/1612157359059file_example_WAV_10MG.wav,mt-picasso-eu-ireland,1350031239995393597/1350031245273340947/AUDIO210203224458933592335/1612157359059file_example_WAV_10MG.wav
mtgame-us.mindtickle.com,1350031245273340947/1612157359059file_example_WAV_10MG.wav/mp3/1.mp3,mt-picasso-eu-ireland,1350031239995393597/1350031245273340947/AUDIO210203224458933638107/1.mp3
mtgame-us.mindtickle.com,1350031245273340947/1612158021550file_example_WAV_1MG.wav,mt-picasso-eu-ireland,1350031239995393597/1350031245273340947/AUDIO210203224458933791144/1612158021550file_example_WAV_1MG.wav
mtgame-us.mindtickle.com,1350031245273340947/1612158021550file_example_WAV_1MG.wav/mp3/1.mp3,mt-picasso-eu-ireland,1350031239995393597/1350031245273340947/AUDIO210203224458933835468/1.mp3
mtgame-us.mindtickle.com,1350031245273340947/1612158061734sample1.oga,mt-picasso-eu-ireland,1350031239995393597/1350031245273340947/AUDIO21020322445893397583/1612158061734sample1.oga
mtgame-us.mindtickle.com,1350031245273340947/1612158061734sample1.oga/mp3/1.mp3,mt-picasso-eu-ireland,1350031239995393597/1350031245273340947/AUDIO21020322445893401772/1.mp3
mtgame-us.mindtickle.com,1350031245273340947/1612158149173SymphonyNo.61stmovement.m4a,mt-picasso-eu-ireland,1350031239995393597/1350031245273340947/AUDIO210203224458934157264/1612158149173SymphonyNo.61stmovement.m4a
mtgame-us.mindtickle.com,1350031245273340947/1612158149173SymphonyNo.61stmovement.m4a/mp3/1.mp3,mt-picasso-eu-ireland,1350031239995393597/1350031245273340947/AUDIO210203224458934200236/1.mp3
mtgame-us.mindtickle.com,1350031245273340947/1612158194231file_example_MP3_700KB.mp3,mt-picasso-eu-ireland,1350031239995393597/1350031245273340947/AUDIO210203224458934339478/1612158194231file_example_MP3_700KB.mp3
mtgame-us.mindtickle.com,1350031245273340947/1612158194231file_example_MP3_700KB.mp3/mp3/1.mp3,mt-picasso-eu-ireland,1350031239995393597/1350031245273340947/AUDIO210203224458934381401/1.mp3
mtgame-us.mindtickle.com,1350031245273340947/1612158239874gs16b2c44100hz.aac,mt-picasso-eu-ireland,1350031239995393597/1350031245273340947/AUDIO210203224458934519274/1612158239874gs16b2c44100hz.aac
mtgame-us.mindtickle.com,1350031245273340947/1612158239874gs16b2c44100hz.aac/mp3/1.mp3,mt-picasso-eu-ireland,1350031239995393597/1350031245273340947/AUDIO210203224458934560154/1.mp3
mtgame-us.mindtickle.com,1350031245273340947/1612159380427ff16b2c44100hz.aac,mt-picasso-eu-ireland,1350031239995393597/1350031245273340947/AUDIO210203224458934697466/1612159380427ff16b2c44100hz.aac
mtgame-us.mindtickle.com,1350031245273340947/1612159380427ff16b2c44100hz.aac/mp3/1.mp3,mt-picasso-eu-ireland,1350031239995393597/1350031245273340947/AUDIO210203224458934738320/1.mp3
mtgame-us.mindtickle.com,1350031245273340947/1612159426624SymphonyNo.61stmovement.m4a,mt-picasso-eu-ireland,1350031239995393597/1350031245273340947/AUDIO21020322445893491036/1612159426624SymphonyNo.61stmovement.m4a
mtgame-us.mindtickle.com,1350031245273340947/1612159426624SymphonyNo.61stmovement.m4a/mp3/1.mp3,mt-picasso-eu-ireland,1350031239995393597/1350031245273340947/AUDIO210203224458934952186/1.mp3
mtgame-us.mindtickle.com,1350031245273340947/1612159545538file_example_WAV_10MG.wav,mt-picasso-eu-ireland,1350031239995393597/1350031245273340947/AUDIO210203224458935091473/1612159545538file_example_WAV_10MG.wav
mtgame-us.mindtickle.com,1350031245273340947/1612159545538file_example_WAV_10MG.wav/mp3/1.mp3,mt-picasso-eu-ireland,1350031239995393597/1350031245273340947/AUDIO210203224458935133290/1.mp3
mtgame-us.mindtickle.com,1350031245273340947/1612160174372file_example_WAV_10MG.wav,mt-picasso-eu-ireland,1350031239995393597/1350031245273340947/AUDIO210203224459115431365/1612160174372file_example_WAV_10MG.wav
mtgame-us.mindtickle.com,1350031245273340947/1612160174372file_example_WAV_10MG.wav/mp3/1.mp3,mt-picasso-eu-ireland,1350031239995393597/1350031245273340947/AUDIO21020322445911550070/1.mp3
mtgame-us.mindtickle.com,1350031245273340947/1612160217686sample1.oga,mt-picasso-eu-ireland,1350031239995393597/1350031245273340947/AUDIO210203224459115672160/1612160217686sample1.oga
mtgame-us.mindtickle.com,1350031245273340947/1612160217686sample1.oga/mp3/1.mp3,mt-picasso-eu-ireland,1350031239995393597/1350031245273340947/AUDIO210203224459115716354/1.mp3
mtgame-us.mindtickle.com,1350031245273340947/1612160265394file_example_OOG_5MG.ogg,mt-picasso-eu-ireland,1350031239995393597/1350031245273340947/AUDIO210203224459115856262/1612160265394file_example_OOG_5MG.ogg
mtgame-us.mindtickle.com,1350031245273340947/1612160265394file_example_OOG_5MG.ogg/mp3/1.mp3,mt-picasso-eu-ireland,1350031239995393597/1350031245273340947/AUDIO210203224459115898459/1.mp3
mtgame-us.mindtickle.com,1350031245273340947/1612160431936file_example_MP3_5MG.mp3,mt-picasso-eu-ireland,1350031239995393597/1350031245273340947/AUDIO210203224459116034280/1612160431936file_example_MP3_5MG.mp3
mtgame-us.mindtickle.com,1350031245273340947/1612160431936file_example_MP3_5MG.mp3/mp3/1.mp3,mt-picasso-eu-ireland,1350031239995393597/1350031245273340947/AUDIO210203224459116075151/1.mp3
mtgame-us.mindtickle.com,1350031245273340947/1612160475787ff16b2c44100hz.aac,mt-picasso-eu-ireland,1350031239995393597/1350031245273340947/AUDIO210203224459116213261/1612160475787ff16b2c44100hz.aac
mtgame-us.mindtickle.com,1350031245273340947/1612160475787ff16b2c44100hz.aac/mp3/1.mp3,mt-picasso-eu-ireland,1350031239995393597/1350031245273340947/AUDIO210203224459116254320/1.mp3
mtgame-us.mindtickle.com,1350031245273340947/1612160526670ff16b2c44100hz.aac,mt-picasso-eu-ireland,1350031239995393597/1350031245273340947/AUDIO210203224459116391344/1612160526670ff16b2c44100hz.aac
mtgame-us.mindtickle.com,1350031245273340947/1612160526670ff16b2c44100hz.aac/mp3/1.mp3,mt-picasso-eu-ireland,1350031239995393597/1350031245273340947/AUDIO210203224459116431280/1.mp3
mtgame-us.mindtickle.com,1350031245273340947/1612160570671file_example_MP3_5MG.mp3,mt-picasso-eu-ireland,1350031239995393597/1350031245273340947/AUDIO210203224459116609471/1612160570671file_example_MP3_5MG.mp3
mtgame-us.mindtickle.com,1350031245273340947/1612160570671file_example_MP3_5MG.mp3/mp3/1.mp3,mt-picasso-eu-ireland,1350031239995393597/1350031245273340947/AUDIO210203224459116652173/1.mp3
mtgame-us.mindtickle.com,1350031245273340947/1612160727096file_example_WAV_10MG.wav,mt-picasso-eu-ireland,1350031239995393597/1350031245273340947/AUDIO210203224459116830291/1612160727096file_example_WAV_10MG.wav
mtgame-us.mindtickle.com,1350031245273340947/1612160727096file_example_WAV_10MG.wav/mp3/1.mp3,mt-picasso-eu-ireland,1350031239995393597/1350031245273340947/AUDIO210203224459116872455/1.mp3
mtgame-us.mindtickle.com,1350031245273340947/1612160792462sample1.oga,mt-picasso-eu-ireland,1350031239995393597/1350031245273340947/AUDIO210203224459117009496/1612160792462sample1.oga
mtgame-us.mindtickle.com,1350031245273340947/1612160792462sample1.oga/mp3/1.mp3,mt-picasso-eu-ireland,1350031239995393597/1350031245273340947/AUDIO210203224459117049422/1.mp3
mtgame-us.mindtickle.com,1350031245273340947/1612160838089file_example_OOG_5MG.ogg,mt-picasso-eu-ireland,1350031239995393597/1350031245273340947/AUDIO210203224459117181230/1612160838089file_example_OOG_5MG.ogg
mtgame-us.mindtickle.com,1350031245273340947/1612160838089file_example_OOG_5MG.ogg/mp3/1.mp3,mt-picasso-eu-ireland,1350031239995393597/1350031245273340947/AUDIO210203224459117222160/1.mp3
mtgame-us.mindtickle.com,1350031245273340947/1612160879396SymphonyNo.61stmovement.m4a,mt-picasso-eu-ireland,1350031239995393597/1350031245273340947/AUDIO210203224459404334147/1612160879396SymphonyNo.61stmovement.m4a
mtgame-us.mindtickle.com,1350031245273340947/1612160879396SymphonyNo.61stmovement.m4a/mp3/1.mp3,mt-picasso-eu-ireland,1350031239995393597/1350031245273340947/AUDIO210203224459404405193/1.mp3
mtgame-us.mindtickle.com,1350031245273340947/1612160963625ff16b2c44100hz.aac,mt-picasso-eu-ireland,1350031239995393597/1350031245273340947/AUDIO210203224459404585177/1612160963625ff16b2c44100hz.aac
mtgame-us.mindtickle.com,1350031245273340947/1612160963625ff16b2c44100hz.aac/mp3/1.mp3,mt-picasso-eu-ireland,1350031239995393597/1350031245273340947/AUDIO210203224459404631206/1.mp3
mtgame-us.mindtickle.com,1350031245273340947/1612161136255file_example_MP3_700KB.mp3,mt-picasso-eu-ireland,1350031239995393597/1350031245273340947/AUDIO210203224459404780246/1612161136255file_example_MP3_700KB.mp3
mtgame-us.mindtickle.com,1350031245273340947/1612161136255file_example_MP3_700KB.mp3/mp3/1.mp3,mt-picasso-eu-ireland,1350031239995393597/1350031245273340947/AUDIO210203224459404824157/1.mp3
mtgame-us.mindtickle.com,1350031245273340947/1612161222659sample1.m4a,mt-picasso-eu-ireland,1350031239995393597/1350031245273340947/AUDIO210203224459404968195/1612161222659sample1.m4a
mtgame-us.mindtickle.com,1350031245273340947/1612161222659sample1.m4a/mp3/1.mp3,mt-picasso-eu-ireland,1350031239995393597/1350031245273340947/AUDIO210203224459405011333/1.mp3
mtgame-us.mindtickle.com,1350031245273340947/1612161429189sample1.oga,mt-picasso-eu-ireland,1350031239995393597/1350031245273340947/AUDIO210203224459405152204/1612161429189sample1.oga
mtgame-us.mindtickle.com,1350031245273340947/1612161429189sample1.oga/mp3/1.mp3,mt-picasso-eu-ireland,1350031239995393597/1350031245273340947/AUDIO210203224459405194100/1.mp3
mtgame-us.mindtickle.com,1350031245273340947/1612161485309file_example_OOG_1MG.ogg,mt-picasso-eu-ireland,1350031239995393597/1350031245273340947/AUDIO210203224459405335378/1612161485309file_example_OOG_1MG.ogg
mtgame-us.mindtickle.com,1350031245273340947/1612161485309file_example_OOG_1MG.ogg/mp3/1.mp3,mt-picasso-eu-ireland,1350031239995393597/1350031245273340947/AUDIO21020322445940537875/1.mp3
mtgame-us.mindtickle.com,1350031245273340947/1612161525355file_example_WAV_1MG.wav,mt-picasso-eu-ireland,1350031239995393597/1350031245273340947/AUDIO210203224459405553159/1612161525355file_example_WAV_1MG.wav
mtgame-us.mindtickle.com,1350031245273340947/1612161525355file_example_WAV_1MG.wav/mp3/1.mp3,mt-picasso-eu-ireland,1350031239995393597/1350031245273340947/AUDIO210203224459405597298/1.mp3
mtgame-us.mindtickle.com,1350031245273340947/1612157487708filesample_1MB.docx,mt-picasso-eu-ireland,1350031239995393597/1350031245273340947/DOCUMENT210203224459405739161/1612157487708filesample_1MB.docx
mtdocs-us-box-processed,1356112953376497024/doc.pdf,mt-picasso-eu-ireland,1350031239995393597/1350031245273340947/DOCUMENT21020322445940578331/doc.pdf
mtgame-us.mindtickle.com,1350031245273340947/1612157487708filesample_1MB.docx/imagified/out_{image_num}.png,mt-picasso-eu-ireland,1350031239995393597/1350031245273340947/CATALOGUE21020322445940581960/out_{image_num}.png
mtgame-us.mindtickle.com,1350031245273340947/1612157933588sample.doc,mt-picasso-eu-ireland,1350031239995393597/1350031245273340947/DOCUMENT210203224459405985258/1612157933588sample.doc
mtdocs-us-box-processed,1356114809143595248/doc.pdf,mt-picasso-eu-ireland,1350031239995393597/1350031245273340947/DOCUMENT210203224459406028291/doc.pdf
mtgame-us.mindtickle.com,1350031245273340947/1612157933588sample.doc/imagified/out_{image_num}.png,mt-picasso-eu-ireland,1350031239995393597/1350031245273340947/CATALOGUE210203224459406062118/out_{image_num}.png
mtgame-us.mindtickle.com,1350031245273340947/1612159648972sample.doc,mt-picasso-eu-ireland,1350031239995393597/1350031245273340947/DOCUMENT210203224459406233198/1612159648972sample.doc
mtdocs-us-box-processed,1356122002355328254/doc.pdf,mt-picasso-eu-ireland,1350031239995393597/1350031245273340947/DOCUMENT210203224459406276248/doc.pdf
mtgame-us.mindtickle.com,1350031245273340947/1612159648972sample.doc/imagified/out_{image_num}.png,mt-picasso-eu-ireland,1350031239995393597/1350031245273340947/CATALOGUE210203224459406311289/out_{image_num}.png
mtgame-us.mindtickle.com,1350031245273340947/1612159683226filesample_1MB.docx,mt-picasso-eu-ireland,1350031239995393597/1350031245273340947/DOCUMENT210203224459593122261/1612159683226filesample_1MB.docx
mtdocs-us-box-processed,1356122162997875416/doc.pdf,mt-picasso-eu-ireland,1350031239995393597/1350031245273340947/DOCUMENT210203224459593193198/doc.pdf
mtgame-us.mindtickle.com,1350031245273340947/1612159683226filesample_1MB.docx/imagified/out_{image_num}.png,mt-picasso-eu-ireland,1350031239995393597/1350031245273340947/CATALOGUE210203224459593230228/out_{image_num}.png
mtgame-us.mindtickle.com,1350031245273340947/1612157407594fileexample_PDF_1MB.pdf,mt-picasso-eu-ireland,1350031239995393597/1350031245273340947/DOCUMENT210203224459593432122/1612157407594fileexample_PDF_1MB.pdf
mtdocs-us-box-processed,1356112621815139870/doc.pdf,mt-picasso-eu-ireland,1350031239995393597/1350031245273340947/DOCUMENT210203224459593475166/doc.pdf
mtgame-us.mindtickle.com,1350031245273340947/1612157407594fileexample_PDF_1MB.pdf/imagified/out_{image_num}.png,mt-picasso-eu-ireland,1350031239995393597/1350031245273340947/CATALOGUE210203224459593508130/out_{image_num}.png
mtgame-us.mindtickle.com,1350031245273340947/1612157976592fileexample_PDF_1MB.pdf,mt-picasso-eu-ireland,1350031239995393597/1350031245273340947/DOCUMENT210203224459593667399/1612157976592fileexample_PDF_1MB.pdf
mtdocs-us-box-processed,1356115003767020059/doc.pdf,mt-picasso-eu-ireland,1350031239995393597/1350031245273340947/DOCUMENT210203224459593708169/doc.pdf
mtgame-us.mindtickle.com,1350031245273340947/1612157976592fileexample_PDF_1MB.pdf/imagified/out_{image_num}.png,mt-picasso-eu-ireland,1350031239995393597/1350031245273340947/CATALOGUE210203224459593741413/out_{image_num}.png
mtgame-us.mindtickle.com,1350031245273340947/1612159606903fileexample_PDF_1MB.pdf,mt-picasso-eu-ireland,1350031239995393597/1350031245273340947/DOCUMENT210203224459593898412/1612159606903fileexample_PDF_1MB.pdf
mtdocs-us-box-processed,1356121843077011612/doc.pdf,mt-picasso-eu-ireland,1350031239995393597/1350031245273340947/DOCUMENT210203224459593939441/doc.pdf
mtgame-us.mindtickle.com,1350031245273340947/1612159606903fileexample_PDF_1MB.pdf/imagified/out_{image_num}.png,mt-picasso-eu-ireland,1350031239995393597/1350031245273340947/CATALOGUE210203224459593974457/out_{image_num}.png
mtgame-us.mindtickle.com,1350031245273340947/1612160131775fileexample_PDF_1MB.pdf,mt-picasso-eu-ireland,1350031239995393597/1350031245273340947/DOCUMENT210203224459594167304/1612160131775fileexample_PDF_1MB.pdf
mtdocs-us-box-processed,1356124044303285622/doc.pdf,mt-picasso-eu-ireland,1350031239995393597/1350031245273340947/DOCUMENT210203224459594209389/doc.pdf
mtgame-us.mindtickle.com,1350031245273340947/1612160131775fileexample_PDF_1MB.pdf/imagified/out_{image_num}.png,mt-picasso-eu-ireland,1350031239995393597/1350031245273340947/CATALOGUE210203224459594241393/out_{image_num}.png
mtgame-us.mindtickle.com,1350031245273340947/1612158104763file_example_OOG_1MG.ogg,mt-picasso-us-east,1350031239995393597/1350031245273340947/AUDIO210204104426237645260/1612158104763file_example_OOG_1MG.ogg
mtgame-us.mindtickle.com,1350031245273340947/1612158104763file_example_OOG_1MG.ogg/mp3/1.mp3,mt-picasso-us-east,1350031239995393597/1350031245273340947/AUDIO210204104426237745321/1.mp3
mtgame-us.mindtickle.com,1350031245273340947/1612159336048file_example_MP3_5MG.mp3,mt-picasso-us-east,1350031239995393597/1350031245273340947/AUDIO210204104426238079287/1612159336048file_example_MP3_5MG.mp3
mtgame-us.mindtickle.com,1350031245273340947/1612159336048file_example_MP3_5MG.mp3/mp3/1.mp3,mt-picasso-us-east,1350031239995393597/1350031245273340947/AUDIO210204104426238125500/1.mp3
mtgame-us.mindtickle.com,1350031245273340947/1612159470686file_example_OOG_5MG.ogg,mt-picasso-us-east,1350031239995393597/1350031245273340947/AUDIO210204104426238324320/1612159470686file_example_OOG_5MG.ogg
mtgame-us.mindtickle.com,1350031245273340947/1612159470686file_example_OOG_5MG.ogg/mp3/1.mp3,mt-picasso-us-east,1350031239995393597/1350031245273340947/AUDIO210204104426238367333/1.mp3
mtgame-us.mindtickle.com,1350031245273340947/1612159505848sample1.oga,mt-picasso-us-east,1350031239995393597/1350031245273340947/AUDIO210204104426238509436/1612159505848sample1.oga
mtgame-us.mindtickle.com,1350031245273340947/1612159505848sample1.oga/mp3/1.mp3,mt-picasso-us-east,1350031239995393597/1350031245273340947/AUDIO210204104426238549436/1.mp3
mtgame-us.mindtickle.com,1350031245273340947/1612160311343SymphonyNo.61stmovement.m4a,mt-picasso-us-east,1350031239995393597/1350031245273340947/AUDIO210204104426238825462/1612160311343SymphonyNo.61stmovement.m4a
mtgame-us.mindtickle.com,1350031245273340947/1612160311343SymphonyNo.61stmovement.m4a/mp3/1.mp3,mt-picasso-us-east,1350031239995393597/1350031245273340947/AUDIO210204104426238869440/1.mp3
mtgame-us.mindtickle.com,1350031245273340947/1612161265683fileexample_PDF_1MB.pdf,mt-picasso-us-east,1350031239995393597/1350031245273340947/DOCUMENT210204104426239255190/1612161265683fileexample_PDF_1MB.pdf
mtdocs-us-box-processed,1356128802241743749/doc.pdf,mt-picasso-us-east,1350031239995393597/1350031245273340947/DOCUMENT210204104426239301174/doc.pdf
mtgame-us.mindtickle.com,1350031245273340947/1612161265683fileexample_PDF_1MB.pdf/imagified/out_{image_num}.png,mt-picasso-us-east,1350031239995393597/1350031245273340947/CATALOGUE210204104426239336276/out_{image_num}.png
mtgame-us.mindtickle.com,1350031245273340947/1612161009980file_example_MP3_700KB.mp3,mt-picasso-us-east,1350031239995393597/1350031245273340947/AUDIO210204104426239662179/1612161009980file_example_MP3_700KB.mp3
mtgame-us.mindtickle.com,1350031245273340947/1612161009980file_example_MP3_700KB.mp3/mp3/1.mp3,mt-picasso-us-east,1350031239995393597/1350031245273340947/AUDIO210204104426239705144/1.mp3
mtgame-us.mindtickle.com,1350031245273340947/1612161172712ff16b2c44100hz.aac,mt-picasso-us-east,1350031239995393597/1350031245273340947/AUDIO210204104426239875261/1612161172712ff16b2c44100hz.aac
mtgame-us.mindtickle.com,1350031245273340947/1612161172712ff16b2c44100hz.aac/mp3/1.mp3,mt-picasso-us-east,1350031239995393597/1350031245273340947/AUDIO210204104426239916488/1.mp3
mtgame-us.mindtickle.com,1350031245273340947/1612157453964sample.doc,mt-picasso-us-east,1350031239995393597/1350031245273340947/DOCUMENT210204104426240159207/1612157453964sample.doc
mtdocs-us-box-processed,1356112795534584929/doc.pdf,mt-picasso-us-east,1350031239995393597/1350031245273340947/DOCUMENT21020410442624020120/doc.pdf
mtgame-us.mindtickle.com,1350031245273340947/1612157453964sample.doc/imagified/out_{image_num}.png,mt-picasso-us-east,1350031239995393597/1350031245273340947/CATALOGUE210204104426240235387/out_{image_num}.png
mtgame-us.mindtickle.com,1350031245273340947/1612157887722filesample_1MB.docx,mt-picasso-us-east,1350031239995393597/1350031245273340947/DOCUMENT210204104426240458420/1612157887722filesample_1MB.docx
mtdocs-us-box-processed,1356114631039327282/doc.pdf,mt-picasso-us-east,1350031239995393597/1350031245273340947/DOCUMENT21020410442624050287/doc.pdf
mtgame-us.mindtickle.com,1350031245273340947/1612157887722filesample_1MB.docx/imagified/out_{image_num}.png,mt-picasso-us-east,1350031239995393597/1350031245273340947/CATALOGUE21020410442624054926/out_{image_num}.png
mtgame-us.mindtickle.com,1350031245273340947/1612160058154CreativeProjectPresentationTemplate.docx,mt-picasso-us-east,1350031239995393597/1350031245273340947/DOCUMENT210204104426409895211/1612160058154CreativeProjectPresentationTemplate.docx
mtdocs-us-box-processed,1356123718943008731/doc.pdf,mt-picasso-us-east,1350031239995393597/1350031245273340947/DOCUMENT210204104426409970143/doc.pdf
mtgame-us.mindtickle.com,1350031245273340947/1612160058154CreativeProjectPresentationTemplate.docx/imagified/out_{image_num}.png,mt-picasso-us-east,1350031239995393597/1350031245273340947/CATALOGUE210204104426410009154/out_{image_num}.png
mtgame-us.mindtickle.com,1350031245273340947/1612160091745sample.doc,mt-picasso-us-east,1350031239995393597/1350031245273340947/DOCUMENT210204104426410216271/1612160091745sample.doc
mtdocs-us-box-processed,1356123858974311614/doc.pdf,mt-picasso-us-east,1350031239995393597/1350031245273340947/DOCUMENT210204104426410263391/doc.pdf
mtgame-us.mindtickle.com,1350031245273340947/1612160091745sample.doc/imagified/out_{image_num}.png,mt-picasso-us-east,1350031239995393597/1350031245273340947/CATALOGUE21020410442641029949/out_{image_num}.png
mtgame-us.mindtickle.com,1350031245273340947/1612161313568sample.doc,mt-picasso-us-east,1350031239995393597/1350031245273340947/DOCUMENT210204104426410469267/1612161313568sample.doc
mtdocs-us-box-processed,1356128984452629638/doc.pdf,mt-picasso-us-east,1350031239995393597/1350031245273340947/DOCUMENT21020410442641051464/doc.pdf
mtgame-us.mindtickle.com,1350031245273340947/1612161313568sample.doc/imagified/out_{image_num}.png,mt-picasso-us-east,1350031239995393597/1350031245273340947/CATALOGUE210204104426410549384/out_{image_num}.png
mtgame-us.mindtickle.com,1350031245273340947/1612161355022filesample_1MB.docx,mt-picasso-us-east,1350031239995393597/1350031245273340947/DOCUMENT210204104426410714307/1612161355022filesample_1MB.docx
mtdocs-us-box-processed,1356129178131629209/doc.pdf,mt-picasso-us-east,1350031239995393597/1350031245273340947/DOCUMENT210204104426410757325/doc.pdf
mtgame-us.mindtickle.com,1350031245273340947/1612161355022filesample_1MB.docx/imagified/out_{image_num}.png,mt-picasso-us-east,1350031239995393597/1350031245273340947/CATALOGUE210204104426410792217/out_{image_num}.png
mtgame-us.mindtickle.com,1350031245273340947/1612157628976file_example_XLS_5000.xls,mt-picasso-us-east,1350031239995393597/1350031245273340947/DOCUMENT210204104426410960488/1612157628976file_example_XLS_5000.xls
mtdocs-us-box-processed,1356113543451255460/doc.pdf,mt-picasso-us-east,1350031239995393597/1350031245273340947/DOCUMENT210204104426411004286/doc.pdf
mtgame-us.mindtickle.com,1350031245273340947/1612157628976file_example_XLS_5000.xls/imagified/out_{image_num}.png,mt-picasso-us-east,1350031239995393597/1350031245273340947/CATALOGUE210204104426411039120/out_{image_num}.png
mtgame-us.mindtickle.com,1350031245273340947/1612157664428file_example_XLSX_5000.xlsx,mt-picasso-us-east,1350031239995393597/1350031245273340947/DOCUMENT210204104426411217462/1612157664428file_example_XLSX_5000.xlsx
mtdocs-us-box-processed,1356113682314343255/doc.pdf,mt-picasso-us-east,1350031239995393597/1350031245273340947/DOCUMENT210204104426411262119/doc.pdf
mtgame-us.mindtickle.com,1350031245273340947/1612157664428file_example_XLSX_5000.xlsx/imagified/out_{image_num}.png,mt-picasso-us-east,1350031239995393597/1350031245273340947/CATALOGUE210204104426411297453/out_{image_num}.png
mtgame-us.mindtickle.com,1350031245273340947/1612157722262file_example_XLSX_5000.xlsx,mt-picasso-us-east,1350031239995393597/1350031245273340947/DOCUMENT210204104426411511411/1612157722262file_example_XLSX_5000.xlsx
mtdocs-us-box-processed,1356113925487326874/doc.pdf,mt-picasso-us-east,1350031239995393597/1350031245273340947/DOCUMENT210204104426411556314/doc.pdf
mtgame-us.mindtickle.com,1350031245273340947/1612157722262file_example_XLSX_5000.xlsx/imagified/out_{image_num}.png,mt-picasso-us-east,1350031239995393597/1350031245273340947/CATALOGUE21020410442641237690/out_{image_num}.png
mtgame-us.mindtickle.com,1350031245273340947/1612159877143file_example_XLSX_5000.xlsx,mt-picasso-us-east,1350031239995393597/1350031245273340947/DOCUMENT210204104426412687501/1612159877143file_example_XLSX_5000.xlsx
mtdocs-us-box-processed,1356122962569342503/doc.pdf,mt-picasso-us-east,1350031239995393597/1350031245273340947/DOCUMENT210204104426412754371/doc.pdf
mtgame-us.mindtickle.com,1350031245273340947/1612159877143file_example_XLSX_5000.xlsx/imagified/out_{image_num}.png,mt-picasso-us-east,1350031239995393597/1350031245273340947/CATALOGUE210204104426412793187/out_{image_num}.png
mtgame-us.mindtickle.com,1350031245273340947/1612159981510samplepptx.pptx,mt-picasso-us-east,1350031239995393597/1350031245273340947/DOCUMENT210204104426413271141/1612159981510samplepptx.pptx
mtdocs-us-box-processed,1356123406839872131/doc.pdf,mt-picasso-us-east,1350031239995393597/1350031245273340947/DOCUMENT210204104426413319290/doc.pdf
mtgame-us.mindtickle.com,1350031245273340947/1612159981510samplepptx.pptx/imagified/out_{image_num}.png,mt-picasso-us-east,1350031239995393597/1350031245273340947/CATALOGUE21020410442641335733/out_{image_num}.png
