mtgame-cdn.mindtickle.com,1325703240109091977/1610464092516DruvaPhoenixWhiteboardContestslidesTEST.pptx,mt-picasso-asia-singapore,1325703235261686415333333/1325703240109091977/DOCUMENT210201115451573438402/1610464092516DruvaPhoenixWhiteboardContestslidesTEST.pptx
mtdocs-box-processed,1349010584767592209/doc.pdf,mt-picasso-asia-singapore,1325703235261686415333333/1325703240109091977/DOCUMENT210201115451573567147/doc.pdf
mtdocs-box-processed,1349010584767592209/images/thumbnail-master-0.png,mt-picasso-asia-singapore,1325703235261686415333333/1325703240109091977/IMAGE210201115451573618470/thumbnail-master-0.png
mtgame-cdn.mindtickle.com,1325703240109091977/1610464092516DruvaPhoenixWhiteboardContestslidesTEST.pptx/imagified/out_{image_num}.png,mt-picasso-asia-singapore,1325703235261686415333333/1325703240109091977/CATALOGUE210201115451573677428/out_{image_num}.png
mtgame-cdn.mindtickle.com,1325703240109091977/1609926205346sample_pptx_file.pptx,mt-picasso-asia-singapore,1325703235261686415333333/1325703240109091977/DOCUMENT210201115451574057366/1609926205346sample_pptx_file.pptx
mtdocs-box-processed,1346754253377005549/doc.pdf,mt-picasso-asia-singapore,1325703235261686415333333/1325703240109091977/DOCUMENT210201115451574119467/doc.pdf
mtdocs-box-processed,1346754253377005549/images/thumbnail-master-0.png,mt-picasso-asia-singapore,1325703235261686415333333/1325703240109091977/IMAGE21020111545157416810/thumbnail-master-0.png
mtgame-cdn.mindtickle.com,1325703240109091977/1609926205346sample_pptx_file.pptx/imagified/out_{image_num}.png,mt-picasso-asia-singapore,1325703235261686415333333/1325703240109091977/CATALOGUE210201115451574225215/out_{image_num}.png
mtgame-cdn.mindtickle.com,1325703240109091977/1610393044494sample_mp3.mp3,mt-picasso-asia-singapore,1325703235261686415333333/1325703240109091977/AUDIO21020111545157444295/1610393044494sample_mp3.mp3
mtstreaming-cdn.mindtickle.com,1325703240109091977/1610393044494sample_mp3.mp3/mp3/1.mp3,mt-picasso-asia-singapore,1325703235261686415333333/1325703240109091977/AUDIO210201115451574492346/1.mp3
mtgame-cdn.mindtickle.com,1325703240109091977/1609926361927sample_pptx_file.pptx,mt-picasso-asia-singapore,1325703235261686415333333/1325703240109091977/DOCUMENT210201115451574651261/1609926361927sample_pptx_file.pptx
mtdocs-box-processed,1346754900981661328/doc.pdf,mt-picasso-asia-singapore,1325703235261686415333333/1325703240109091977/DOCUMENT210201115451574696138/doc.pdf
mtdocs-box-processed,1346754900981661328/images/thumbnail-master-0.png,mt-picasso-asia-singapore,1325703235261686415333333/1325703240109091977/IMAGE210201115451574732394/thumbnail-master-0.png
mtgame-cdn.mindtickle.com,1325703240109091977/1609926361927sample_pptx_file.pptx/imagified/out_{image_num}.png,mt-picasso-asia-singapore,1325703235261686415333333/1325703240109091977/CATALOGUE210201115451574769248/out_{image_num}.png
mtgame-cdn.mindtickle.com,1325703240109091977/1610464996521DruvaPhoenixWhiteboardPitchScoreSheetv3.xlsx,mt-picasso-asia-singapore,1325703235261686415333333/1325703240109091977/DOCUMENT210201115451574976293/1610464996521DruvaPhoenixWhiteboardPitchScoreSheetv3.xlsx
mtdocs-box-processed,1349014634102004630/doc.pdf,mt-picasso-asia-singapore,1325703235261686415333333/1325703240109091977/DOCUMENT210201115451575025451/doc.pdf
mtdocs-box-processed,1349014634102004630/images/thumbnail-master-0.png,mt-picasso-asia-singapore,1325703235261686415333333/1325703240109091977/IMAGE210201115451575060199/thumbnail-master-0.png
mtgame-cdn.mindtickle.com,1325703240109091977/1610464996521DruvaPhoenixWhiteboardPitchScoreSheetv3.xlsx/imagified/out_{image_num}.png,mt-picasso-asia-singapore,1325703235261686415333333/1325703240109091977/CATALOGUE210201115451575097118/out_{image_num}.png
mtgame-cdn.mindtickle.com,1325703240109091977/16106136368863PagePdf.pdf,mt-picasso-asia-singapore,1325703235261686415333333/1325703240109091977/DOCUMENT210201115451575307263/16106136368863PagePdf.pdf
mtdocs-box-processed,1349637571369412665/doc.pdf,mt-picasso-asia-singapore,1325703235261686415333333/1325703240109091977/DOCUMENT210201115451575351243/doc.pdf
mtdocs-box-processed,1349637571369412665/images/thumbnail-master-0.png,mt-picasso-asia-singapore,1325703235261686415333333/1325703240109091977/IMAGE210201115451575386503/thumbnail-master-0.png
mtgame-cdn.mindtickle.com,1325703240109091977/16106136368863PagePdf.pdf/imagified/out_{image_num}.png,mt-picasso-asia-singapore,1325703235261686415333333/1325703240109091977/CATALOGUE21020111545157542310/out_{image_num}.png
mtgame-cdn.mindtickle.com,1325703240109091977/1609926424130sample_mp3.mp3,mt-picasso-asia-singapore,1325703235261686415333333/1325703240109091977/AUDIO210201115451575622327/1609926424130sample_mp3.mp3
mtstreaming-cdn.mindtickle.com,1325703240109091977/1609926424130sample_mp3.mp3/mp3/1.mp3,mt-picasso-asia-singapore,1325703235261686415333333/1325703240109091977/AUDIO210201115451575666126/1.mp3
mtgame-cdn.mindtickle.com,1325703240109091977/1610464740101NWP_Writing_Assignment_Framework_and_Overview.pdf,mt-picasso-asia-singapore,1325703235261686415333333/1325703240109091977/DOCUMENT210201115451575850303/1610464740101NWP_Writing_Assignment_Framework_and_Overview.pdf
mtdocs-box-processed,1349013867566915205/doc.pdf,mt-picasso-asia-singapore,1325703235261686415333333/1325703240109091977/DOCUMENT21020111545157589694/doc.pdf
mtdocs-box-processed,1349013867566915205/images/thumbnail-master-0.png,mt-picasso-asia-singapore,1325703235261686415333333/1325703240109091977/IMAGE210201115451575931329/thumbnail-master-0.png
mtgame-cdn.mindtickle.com,1325703240109091977/1609926415915sample_pptx_file.pptx,mt-picasso-asia-singapore,1325703235261686415333333/1325703240109091977/DOCUMENT210201115451576140411/1609926415915sample_pptx_file.pptx
mtdocs-box-processed,1346755123995399200/doc.pdf,mt-picasso-asia-singapore,1325703235261686415333333/1325703240109091977/DOCUMENT210201115451576188406/doc.pdf
mtdocs-box-processed,1346755123995399200/images/thumbnail-master-0.png,mt-picasso-asia-singapore,1325703235261686415333333/1325703240109091977/IMAGE210201115451576224145/thumbnail-master-0.png
mtgame-cdn.mindtickle.com,1325703240109091977/1609926415915sample_pptx_file.pptx/imagified/out_{image_num}.png,mt-picasso-asia-singapore,1325703235261686415333333/1325703240109091977/CATALOGUE210201115451576261391/out_{image_num}.png
mtgame-cdn.mindtickle.com,1325703240109091977/1609926219945sample_mp3.mp3,mt-picasso-asia-singapore,1325703235261686415333333/1325703240109091977/AUDIO210201115451576461327/1609926219945sample_mp3.mp3
mtstreaming-cdn.mindtickle.com,1325703240109091977/1609926219945sample_mp3.mp3/mp3/1.mp3,mt-picasso-asia-singapore,1325703235261686415333333/1325703240109091977/AUDIO210201115451576506225/1.mp3
mtgame-cdn.mindtickle.com,1325703240109091977/user/4ca08ed5e337570c/VoiceOverSlideshow/1349553920972518958/1/audio/1610593910299.webm,mt-picasso-asia-singapore,1325703235261686415333333/1325703240109091977/AUDIO210201115451903074486/1610593910299.webm
mtstreaming-cdn.mindtickle.com,1325703240109091977/user/4ca08ed5e337570c/VoiceOverSlideshow/1349553920972518958/1/audio/1610593910299.webm/mp3/1.mp3,mt-picasso-asia-singapore,1325703235261686415333333/1325703240109091977/AUDIO210201115451903186461/1.mp3
mtgame-cdn.mindtickle.com,1325703240109091977/1610342564010SamplePDFFile_5mb.pdf,mt-picasso-asia-singapore,1325703235261686415333333/1325703240109091977/DOCUMENT210201115451903490385/1610342564010SamplePDFFile_5mb.pdf
mtdocs-box-processed,1348500726591568019/doc.pdf,mt-picasso-asia-singapore,1325703235261686415333333/1325703240109091977/DOCUMENT210201115451903567195/doc.pdf
mtdocs-box-processed,1348500726591568019/images/thumbnail-master-0.png,mt-picasso-asia-singapore,1325703235261686415333333/1325703240109091977/IMAGE21020111545190362625/thumbnail-master-0.png
mtgame-cdn.mindtickle.com,1325703240109091977/1610342564010SamplePDFFile_5mb.pdf/imagified/out_{image_num}.png,mt-picasso-asia-singapore,1325703235261686415333333/1325703240109091977/CATALOGUE210201115451903685479/out_{image_num}.png
mtgame-cdn.mindtickle.com,1325703240109091977/1609926237190sample_mp3.mp3,mt-picasso-asia-singapore,1325703235261686415333333/1325703240109091977/AUDIO210201115451904011429/1609926237190sample_mp3.mp3
mtstreaming-cdn.mindtickle.com,1325703240109091977/1609926237190sample_mp3.mp3/mp3/1.mp3,mt-picasso-asia-singapore,1325703235261686415333333/1325703240109091977/AUDIO210201115451904164177/1.mp3
mtgame-cdn.mindtickle.com,1325703240109091977/1610467857034DruvaPhoenixWhiteboardPitchScoreSheetv3.xlsx,mt-picasso-asia-singapore,1325703235261686415333333/1325703240109091977/DOCUMENT210201115451904424230/1610467857034DruvaPhoenixWhiteboardPitchScoreSheetv3.xlsx
mtdocs-box-processed,1349026713371253640/doc.pdf,mt-picasso-asia-singapore,1325703235261686415333333/1325703240109091977/DOCUMENT210201115451904498183/doc.pdf
mtdocs-box-processed,1349026713371253640/images/thumbnail-master-0.png,mt-picasso-asia-singapore,1325703235261686415333333/1325703240109091977/IMAGE210201115451904573401/thumbnail-master-0.png
mtgame-cdn.mindtickle.com,1325703240109091977/1610467857034DruvaPhoenixWhiteboardPitchScoreSheetv3.xlsx/imagified/out_{image_num}.png,mt-picasso-asia-singapore,1325703235261686415333333/1325703240109091977/CATALOGUE2102011154519046203/out_{image_num}.png
