mtdocs-box-processed-staging,1359470184752003069/doc.pdf,mt-picasso-asia-singapore-staging,1211537031289653682/1211537031860607006/DOCUMENT210211144302659923377/doc.pdf
mtdocs-box-processed-staging,1359470063516201455/doc.pdf,mt-picasso-asia-singapore-staging,1211537031289653682/1211537031860607006/DOCUMENT210211144302659565101/doc.pdf
mtgame-cdn-staging.mindtickle.com,1211537031860607006/1592975284867MarketingPresentation.pptx/imagified/out_{image_num}.png,mt-picasso-asia-singapore-staging,1211537031289653682/1211537031860607006/CATALOGUE210211144257780136288/out_{image_num}.png
mtgame-cdn-staging.mindtickle.com,1211537031860607006/1593505682562/1263826548309452226/1592550439201filesample_1MB.doc,mt-picasso-asia-singapore-staging,1211537031289653682/1211537031860607006/DOCUMENT210211144257781066468/1592550439201filesample_1MB.doc
mtdocs-box-processed-staging,1277881536793053320/doc.pdf,mt-picasso-asia-singapore-staging,1211537031289653682/1211537031860607006/DOCUMENT210211144257781537353/doc.pdf
mtgame-cdn-staging.mindtickle.com,1211537031860607006/1613026592332file_example_XLSX_5000.xlsx,mt-picasso-asia-singapore-staging,1211537031289653682/1211537031860607006/DOCUMENT210211144305577021390/1613026592332file_example_XLSX_5000.xlsx
mtgame-cdn-staging.mindtickle.com,1211537031860607006/1612956001628sample1.oga,mt-picasso-asia-singapore-staging,1211537031289653682/1211537031860607006/AUDIO21021114430135578196/1612956001628sample1.oga
mtstreaming-cdn-staging.mindtickle.com,1211537031860607006/1612955952847sample1.m4a/mp3/1.mp3,mt-picasso-asia-singapore-staging,1211537031289653682/1211537031860607006/AUDIO21021114430135545410/1.mp3
mtgame-cdn-staging.mindtickle.com,1211537031860607006/1612957922225CreativeProjectPresentationTemplate.docx/imagified/out_{image_num}.png,mt-picasso-asia-singapore-staging,1211537031289653682/1211537031860607006/CATALOGUE210211144302659966402/out_{image_num}.png
mtgame-cdn-staging.mindtickle.com,1211537031860607006/1593505682562/1263826548309452226/1592550463927file_example_PPT_1MB.ppt/imagified/out_{image_num}.png,mt-picasso-asia-singapore-staging,1211537031289653682/1211537031860607006/CATALOGUE210211144257781803357/out_{image_num}.png
mtdocs-box-processed-staging,1277881541249172440/doc.pdf,mt-picasso-asia-singapore-staging,1211537031289653682/1211537031860607006/DOCUMENT210211144257781762120/doc.pdf
mtdocs-box-processed-staging,1277881532462464273/doc.pdf,mt-picasso-asia-singapore-staging,1211537031289653682/1211537031860607006/DOCUMENT2102111442577812152/doc.pdf
mtstreaming-cdn-staging.mindtickle.com,1211537031860607006/1612956028453file_example_WAV_1MG.wav/mp3/1.mp3,mt-picasso-asia-singapore-staging,1211537031289653682/1211537031860607006/AUDIO2102111443013559994/1.mp3
mtgame-cdn-staging.mindtickle.com,1211537031860607006/1612956028453file_example_WAV_1MG.wav,mt-picasso-asia-singapore-staging,1211537031289653682/1211537031860607006/AUDIO21021114430135595849/1612956028453file_example_WAV_1MG.wav
mtgame-cdn-staging.mindtickle.com,1211537031860607006/1593505682562/1263826548309452226/1592550463927file_example_PPT_1MB.ppt,mt-picasso-asia-singapore-staging,1211537031289653682/1211537031860607006/DOCUMENT210211144257781711195/1592550463927file_example_PPT_1MB.ppt
mtgame-cdn-staging.mindtickle.com,1211537031860607006/1612957892875816.ppt/imagified/out_{image_num}.png,mt-picasso-asia-singapore-staging,1211537031289653682/1211537031860607006/CATALOGUE210211144302659612120/out_{image_num}.png
mtdocs-box-processed-staging,1219982523324392056/doc.pdf,mt-picasso-asia-singapore-staging,1211537031289653682/1211537031860607006/DOCUMENT210211144256485050382/doc.pdf
mtgame-cdn-staging.mindtickle.com,1211537031860607006/1612957922225CreativeProjectPresentationTemplate.docx,mt-picasso-asia-singapore-staging,1211537031289653682/1211537031860607006/DOCUMENT210211144302659863191/1612957922225CreativeProjectPresentationTemplate.docx
mtgame-cdn-staging.mindtickle.com,1211537031860607006/1612955979609file_example_OOG_1MG.ogg,mt-picasso-asia-singapore-staging,1211537031289653682/1211537031860607006/AUDIO21021114430135559926/1612955979609file_example_OOG_1MG.ogg
mtstreaming-cdn-staging.mindtickle.com,1211537031860607006/1612956001628sample1.oga/mp3/1.mp3,mt-picasso-asia-singapore-staging,1211537031289653682/1211537031860607006/AUDIO210211144301355822175/1.mp3
mtdocs-box-processed-staging,1277881545438850867/doc.pdf,mt-picasso-asia-singapore-staging,1211537031289653682/1211537031860607006/DOCUMENT210211144257782308305/doc.pdf
mtdocs-box-processed-staging,1277881549808240620/doc.pdf,mt-picasso-asia-singapore-staging,1211537031289653682/1211537031860607006/DOCUMENT210211144257782540419/doc.pdf
mtdocs-box-processed-staging,1277882438675711199/doc.pdf,mt-picasso-asia-singapore-staging,1211537031289653682/1211537031860607006/DOCUMENT210211144257782768116/doc.pdf
mtdocs-box-processed-staging,1277882441983826168/doc.pdf,mt-picasso-asia-singapore-staging,1211537031289653682/1211537031860607006/DOCUMENT21021114425778298187/doc.pdf
mtdocs-box-processed-staging,1277882444150830792/doc.pdf,mt-picasso-asia-singapore-staging,1211537031289653682/1211537031860607006/DOCUMENT210211144257783264205/doc.pdf
mtdocs-box-processed-staging,1277882448330391286/doc.pdf,mt-picasso-asia-singapore-staging,1211537031289653682/1211537031860607006/DOCUMENT210211144258188202469/doc.pdf
mtdocs-box-processed-staging,1277882452761365713/doc.pdf,mt-picasso-asia-singapore-staging,1211537031289653682/1211537031860607006/DOCUMENT210211144258189422359/doc.pdf
mtdocs-box-processed-staging,1277931779486556708/doc.pdf,mt-picasso-asia-singapore-staging,1211537031289653682/1211537031860607006/DOCUMENT210211144258189947118/doc.pdf
mtdocs-box-processed-staging,1277931783613862539/doc.pdf,mt-picasso-asia-singapore-staging,1211537031289653682/1211537031860607006/DOCUMENT210211144258190372269/doc.pdf
mtdocs-box-processed-staging,1277931787805762365/doc.pdf,mt-picasso-asia-singapore-staging,1211537031289653682/1211537031860607006/DOCUMENT210211144258190808353/doc.pdf
mtdocs-box-processed-staging,1277931792042438925/doc.pdf,mt-picasso-asia-singapore-staging,1211537031289653682/1211537031860607006/DOCUMENT210211144258191416450/doc.pdf
mtdocs-box-processed-staging,1277931796274624406/doc.pdf,mt-picasso-asia-singapore-staging,1211537031289653682/1211537031860607006/DOCUMENT210211144258191937400/doc.pdf
mtdocs-box-processed-staging,1277931996441861367/doc.pdf,mt-picasso-asia-singapore-staging,1211537031289653682/1211537031860607006/DOCUMENT210211144258192522276/doc.pdf
mtdocs-box-processed-staging,1277932000278901914/doc.pdf,mt-picasso-asia-singapore-staging,1211537031289653682/1211537031860607006/DOCUMENT210211144258193110257/doc.pdf
mtdocs-box-processed-staging,1277932004559603563/doc.pdf,mt-picasso-asia-singapore-staging,1211537031289653682/1211537031860607006/DOCUMENT210211144258193638494/doc.pdf
mtdocs-box-processed-staging,1277932008789151416/doc.pdf,mt-picasso-asia-singapore-staging,1211537031289653682/1211537031860607006/DOCUMENT21021114425845765098/doc.pdf
mtdocs-box-processed-staging,1277932013014294920/doc.pdf,mt-picasso-asia-singapore-staging,1211537031289653682/1211537031860607006/DOCUMENT210211144258457975431/doc.pdf
